MSSubClass,MSZoning,LotFrontage,LotArea,Street,LotShape,LandContour,Utilities,LotConfig,LandSlope,Neighborhood,Condition1,Condition2,HouseStyle,OverallQual,OverallCond,YearBuilt,YearRemodAdd,RoofStyle,RoofMatl,Exterior1st,MasVnrType,MasVnrArea,ExterQual,ExterCond,Foundation,BsmtQual,BsmtCond,BsmtExposure,BsmtFinType1,BsmtFinSF1,BsmtFinType2,BsmtUnfSF,TotalBsmtSF,Heating,HeatingQC,CentralAir,Electrical,2ndFlrSF,LowQualFinSF,GrLivArea,BsmtFullBath,BsmtHalfBath,FullBath,HalfBath,BedroomAbvGr,KitchenAbvGr,KitchenQual,Functional,Fireplaces,FireplaceQu,GarageType,GarageFinish,GarageCars,GarageQual,GarageCond,PavedDrive,WoodDeckSF,OpenPorchSF,EnclosedPorch,3SsnPorch,ScreenPorch,PoolArea,MiscVal,MoSold,YrSold,SaleType,SaleCondition
90,3,78.0,10530,1,3,3,0,3,0,11,2,1,5,4,4,1977,1977,1,0,7,1,90.0,3,3,1,2,3,1,2,975,5,0,975,0,3,1,3,0,0,1004,1,0,1,0,2,0,3,5,0,2,1,2,2,4,4,2,0,0,0,0,0,0,0,5,0,6,4
20,3,65.0,8450,1,3,3,0,3,0,12,2,1,1,3,5,1968,1968,1,0,9,1,0.0,3,3,1,3,3,3,1,775,5,281,1056,0,0,1,3,0,0,1056,1,0,1,0,3,0,3,5,1,1,1,2,1,4,4,2,0,85,184,0,0,0,0,7,4,6,4
60,1,65.0,8125,1,3,3,0,3,0,21,2,1,4,5,5,2007,2007,1,0,3,1,0.0,2,3,2,2,3,3,5,0,5,813,813,0,0,1,3,843,0,1665,0,0,2,1,3,0,2,5,0,2,1,1,2,4,4,2,0,0,0,0,0,0,0,5,2,6,4
20,3,93.0,12085,1,3,3,0,3,0,16,2,1,1,6,4,2007,2007,3,0,9,2,328.0,2,3,2,0,3,3,2,1004,5,730,1734,0,0,1,3,0,0,1734,1,0,2,0,3,0,0,5,1,2,1,1,3,4,4,2,0,0,0,0,0,0,0,11,1,4,5
60,3,80.0,10421,1,3,3,0,3,0,14,2,1,4,5,4,1988,1988,1,0,4,1,42.0,3,3,1,2,3,3,2,394,5,586,980,0,3,1,3,734,0,1714,0,0,2,1,3,0,3,5,1,4,1,2,2,4,4,2,228,66,156,0,0,0,3,3,4,6,4
20,3,102.0,17920,1,3,3,0,3,0,19,2,1,1,3,3,1955,1974,3,0,10,1,0.0,3,3,1,3,3,2,0,306,4,372,1763,0,3,1,3,0,0,1779,1,0,1,1,3,0,3,5,1,2,1,2,2,4,4,2,0,418,0,0,312,0,0,7,0,6,0
190,3,62.0,10106,1,3,3,0,3,0,7,2,1,0,3,6,1940,1999,1,0,10,1,0.0,3,2,0,3,3,3,0,351,4,112,644,0,2,1,3,547,0,1355,1,0,2,0,4,1,3,5,0,2,1,2,0,4,4,2,140,0,0,0,0,0,0,9,2,6,4
20,3,69.0,9920,1,0,3,0,3,0,5,2,1,1,3,5,1969,1969,1,0,4,1,0.0,3,3,1,2,3,1,0,523,5,448,971,0,3,1,3,0,0,971,0,0,1,1,3,0,3,5,1,3,1,2,1,4,4,2,0,0,0,0,0,0,0,5,0,6,4
50,4,98.0,8820,1,3,3,0,0,0,17,2,1,0,3,5,1890,1996,3,0,9,1,0.0,3,3,0,3,3,3,3,1088,5,0,1088,0,3,1,3,561,1,1869,0,0,1,0,2,0,3,5,0,2,5,2,2,4,4,2,48,0,244,0,0,0,0,9,3,6,4
70,3,55.0,10592,1,3,3,0,3,0,6,2,1,4,4,6,1923,1996,3,0,10,1,0.0,3,2,2,3,0,3,5,0,5,602,602,0,3,1,3,602,0,1502,0,0,1,1,3,0,2,5,2,4,5,2,1,4,4,2,96,0,112,0,53,0,0,8,1,6,4
160,4,21.0,2001,1,3,3,0,3,0,10,2,1,4,2,4,1970,1970,1,0,3,1,80.0,3,3,1,3,3,3,5,0,5,546,546,0,1,1,3,546,0,1092,0,0,1,1,3,0,3,5,0,2,1,2,1,4,4,2,0,0,0,0,0,0,0,1,1,6,4
30,3,67.0,8777,1,3,3,0,3,0,7,1,1,1,3,6,1910,1950,1,0,6,1,0.0,3,3,1,1,3,3,5,0,5,796,796,0,2,1,0,0,0,796,0,0,1,0,2,0,3,5,0,2,1,2,0,4,4,1,328,0,164,0,0,0,0,5,2,6,4
20,3,90.0,11988,1,0,3,0,0,0,12,1,1,1,4,5,1957,1957,1,0,9,1,0.0,3,3,1,3,3,3,4,777,5,467,1244,0,0,1,0,0,0,1244,0,0,1,1,3,0,3,5,2,2,1,2,1,4,4,2,0,40,0,0,0,0,0,5,1,6,4
30,3,50.0,6305,1,3,0,0,3,0,6,2,1,1,3,6,1938,1950,1,0,6,1,0.0,3,2,2,1,0,3,5,0,5,920,920,0,0,1,3,0,0,954,0,0,1,0,2,0,1,5,1,2,2,2,1,1,4,2,0,0,0,0,0,0,0,6,1,6,4
60,3,67.0,9531,1,0,3,0,1,0,5,2,1,4,4,4,1998,1998,1,0,9,1,0.0,3,3,2,2,3,2,2,706,5,88,794,0,0,1,3,914,0,1796,1,0,2,1,3,0,3,5,0,2,1,1,2,4,4,2,0,36,0,0,0,0,0,5,1,6,4
85,3,85.0,10625,1,3,3,0,3,0,14,2,1,5,5,5,1974,1974,1,0,7,1,81.0,3,3,1,2,3,1,2,885,3,0,1053,0,3,1,3,0,0,1173,1,0,2,0,3,0,2,5,2,4,1,1,2,4,4,2,0,120,0,0,0,0,0,1,4,6,3
20,3,80.0,8892,1,0,3,0,3,0,12,2,1,1,3,4,1960,1960,1,0,6,0,66.0,3,3,1,3,3,3,5,0,5,1065,1065,0,2,1,3,0,0,1065,0,0,1,1,3,0,3,5,0,2,5,2,2,4,4,2,74,0,0,0,0,0,0,7,1,0,4
60,3,65.0,8200,1,3,3,0,3,0,5,2,1,4,5,4,2003,2004,1,0,9,1,0.0,2,3,2,2,3,3,5,0,5,847,847,0,0,1,3,1081,0,1928,0,0,2,1,4,0,2,5,1,2,3,0,2,4,4,2,100,48,0,0,0,0,0,7,1,6,4
20,3,137.0,16492,1,0,3,0,0,0,12,3,1,1,4,5,1966,2002,1,0,2,1,0.0,2,3,1,3,3,3,0,247,4,557,1517,0,0,1,3,0,0,1888,0,0,2,1,2,0,2,4,1,2,1,0,2,4,4,2,0,0,0,0,0,0,0,6,4,6,4
50,3,138.0,18030,1,0,0,0,3,0,4,2,1,0,3,5,1946,1994,1,0,6,1,0.0,3,3,1,3,3,3,4,152,1,977,1598,0,3,1,3,971,6,3086,0,0,3,0,3,0,0,0,1,2,1,2,0,4,4,2,122,0,0,0,0,0,0,3,1,6,4
90,2,82.0,7136,1,0,1,0,3,0,6,2,1,4,4,5,1946,1950,1,0,6,1,423.0,3,3,1,2,3,3,4,484,5,495,979,0,3,0,1,979,0,1958,0,0,2,0,4,1,3,5,0,2,1,2,2,4,4,2,0,0,0,0,0,0,0,8,1,6,4
50,3,60.0,10998,1,3,3,0,3,0,7,2,1,0,3,4,1941,1960,1,0,10,1,0.0,3,3,1,3,3,3,3,408,1,156,984,0,0,1,3,620,0,1604,0,0,2,0,3,0,3,3,0,2,5,2,2,4,4,2,0,68,0,0,0,0,0,7,3,6,4
30,4,60.0,7200,1,3,3,0,3,0,17,2,1,1,3,3,1910,2006,3,0,6,1,0.0,3,3,0,3,3,3,0,247,4,310,1022,1,3,0,3,0,0,1022,1,0,1,0,2,0,3,1,0,2,5,2,1,4,4,2,0,30,226,0,0,0,0,6,3,6,4
20,3,88.0,12803,1,0,3,0,3,0,5,2,1,1,5,4,2002,2002,1,0,9,1,99.0,2,3,2,2,3,2,2,922,5,572,1494,0,0,1,3,0,0,1494,1,0,2,0,3,0,2,5,1,4,1,1,2,4,4,2,192,36,0,0,0,0,0,9,2,6,4
180,4,35.0,3675,1,3,3,0,3,0,7,2,1,6,4,4,2005,2005,1,0,9,1,80.0,3,3,2,2,3,1,2,459,5,88,547,0,0,1,3,0,0,1072,1,0,1,0,2,0,3,5,0,2,2,1,2,4,4,2,0,28,0,0,0,0,0,6,2,6,4
120,4,67.0,4426,1,3,3,0,3,0,5,2,1,1,4,4,2004,2004,1,0,9,1,147.0,2,3,2,2,3,0,2,697,5,151,848,0,0,1,3,0,0,848,1,0,1,0,1,0,2,5,1,4,1,1,2,4,4,2,149,0,0,0,0,0,0,5,2,6,4
20,3,86.0,14157,1,0,1,0,0,0,22,2,1,1,7,4,2005,2006,3,0,9,2,200.0,2,3,2,0,3,1,2,1249,5,673,1922,0,0,1,3,0,0,1922,1,0,2,0,3,0,2,5,1,2,1,0,3,4,4,2,178,51,0,0,0,0,0,7,1,6,4
20,3,40.0,13673,1,0,3,0,1,0,19,5,1,1,3,4,1962,1962,1,0,4,1,0.0,3,2,1,3,3,3,5,0,5,1140,1140,0,3,1,3,0,0,1696,0,0,1,1,3,0,3,3,1,4,1,1,1,4,4,2,0,30,0,0,0,0,0,3,1,6,4
20,3,67.0,16381,1,0,3,0,3,0,6,2,1,1,4,4,1969,1969,1,0,7,1,312.0,2,2,1,3,3,0,4,1110,5,734,1844,0,2,1,3,0,0,1844,1,0,2,0,3,0,2,5,1,4,1,1,2,4,4,2,0,73,216,0,0,0,0,12,0,6,4
20,3,78.0,7800,1,3,0,0,3,1,7,2,1,4,3,7,1948,2002,1,0,6,1,0.0,3,2,1,3,1,3,2,603,5,293,896,0,0,1,3,896,0,2008,1,0,3,0,3,0,0,5,0,2,1,2,1,4,4,2,103,0,0,0,0,0,0,8,0,6,4
30,3,67.0,10020,1,0,2,0,3,2,7,2,1,1,0,0,1922,1950,1,0,10,1,0.0,1,1,0,1,2,1,1,350,5,333,683,0,2,0,0,0,0,904,1,0,0,1,1,0,1,0,0,2,1,2,0,4,4,2,0,0,0,0,0,0,0,3,3,6,4
20,3,50.0,9405,1,3,3,0,3,0,7,2,1,1,3,8,1947,2008,3,0,9,1,0.0,3,0,1,3,3,3,5,0,5,698,698,0,0,1,3,0,0,698,0,1,1,0,2,0,3,5,0,2,1,2,0,4,4,2,0,200,0,0,0,0,0,6,3,6,4
20,3,76.0,9158,1,3,3,0,3,0,21,2,1,1,6,4,2007,2007,1,0,3,2,140.0,2,3,2,2,3,0,5,0,5,1496,1496,0,0,1,3,0,0,1496,0,0,2,0,3,0,2,5,0,2,1,0,2,4,4,2,168,130,0,0,0,0,0,6,1,4,5
120,3,53.0,4043,1,3,3,0,3,0,13,2,1,1,4,4,1977,1977,1,0,7,1,0.0,3,3,1,2,3,3,0,360,5,709,1069,0,3,1,3,0,0,1069,0,0,2,0,2,0,3,5,1,1,1,1,2,4,4,2,0,55,0,0,165,0,0,7,4,6,4
70,4,57.0,9906,1,3,3,0,3,0,17,2,1,4,2,3,1925,1950,1,0,6,1,0.0,3,3,1,3,3,3,5,0,5,686,686,0,1,0,3,518,0,1328,0,0,1,0,3,0,3,5,0,2,5,2,1,4,4,2,0,172,60,0,0,0,0,9,0,6,3
30,4,60.0,10800,1,3,3,0,3,0,17,2,1,1,2,6,1885,1995,4,0,9,1,0.0,3,3,0,1,3,3,5,0,5,641,641,0,2,1,3,0,0,1047,0,0,1,0,2,0,3,5,0,2,5,2,1,1,1,0,0,0,0,0,0,0,2,8,1,6,4
120,1,59.0,4282,1,1,3,0,3,0,21,2,1,1,5,4,2004,2004,1,0,6,1,0.0,2,3,2,2,3,2,2,16,5,1375,1391,0,0,1,3,0,0,1391,0,0,2,0,2,0,2,5,0,2,1,1,2,4,4,2,156,158,0,0,0,0,0,7,2,6,4
60,3,67.0,11885,1,3,3,0,3,0,5,2,1,4,6,4,2001,2001,1,0,9,1,108.0,2,3,2,2,3,0,2,990,5,309,1299,0,0,1,3,573,0,1872,1,0,2,1,3,0,0,5,1,4,3,1,2,4,4,2,160,122,0,0,0,0,0,11,3,6,4
190,4,60.0,6780,1,3,3,0,3,0,9,2,1,0,4,7,1935,1982,1,0,10,1,0.0,3,1,1,3,3,0,2,490,5,30,520,0,2,0,3,0,2,754,1,0,1,0,2,0,3,5,0,2,1,2,0,4,4,0,53,0,0,0,0,0,0,6,0,6,4
60,3,80.0,10240,1,3,3,0,3,0,16,2,1,4,6,4,2005,2005,1,0,9,1,178.0,2,3,2,2,3,2,5,0,5,1030,1030,0,2,1,3,1060,0,2098,0,0,2,1,3,0,0,5,1,2,1,1,3,4,4,2,192,52,0,0,0,0,0,3,0,6,4
190,3,107.0,10615,1,0,0,0,0,1,17,0,0,4,1,4,1900,1970,1,0,4,1,0.0,3,3,1,1,3,2,1,440,5,538,978,0,3,1,3,685,0,1699,1,0,2,0,3,1,3,5,0,2,4,2,2,1,1,2,0,74,0,0,0,0,0,8,3,6,0
20,3,60.0,8281,1,0,3,0,3,0,19,2,1,1,3,4,1965,1965,1,0,6,1,0.0,3,3,1,3,3,3,4,553,1,0,864,0,2,1,3,0,0,864,0,0,1,0,3,0,3,5,1,3,5,2,1,4,4,2,0,0,236,0,0,0,0,12,3,6,4
50,4,50.0,6000,1,3,3,0,3,0,17,2,1,0,1,6,1948,2002,1,0,6,1,0.0,3,2,1,3,3,3,0,331,5,318,649,0,0,1,3,504,0,1183,0,0,1,1,2,0,3,5,0,2,5,2,1,4,4,2,0,176,0,0,0,0,0,6,1,6,4
20,3,75.0,13125,1,3,3,0,3,1,5,2,1,1,4,4,1997,1998,1,0,9,1,215.0,3,3,2,2,3,1,2,994,5,484,1478,0,0,1,3,0,0,1493,1,0,2,0,3,0,2,5,1,4,1,0,2,4,4,2,140,39,0,0,0,0,0,4,2,6,4
20,3,60.0,8089,1,3,1,0,3,0,22,2,1,1,6,5,2007,2007,1,0,6,1,0.0,2,3,2,2,3,0,2,945,5,474,1419,0,0,1,3,0,0,1419,1,0,2,0,2,0,2,5,1,2,1,1,2,4,4,2,140,0,0,0,0,0,0,10,1,4,5
60,3,67.0,13346,1,0,3,0,1,0,15,2,1,4,5,4,1992,2000,1,0,4,1,0.0,2,3,2,2,3,3,2,728,5,367,1095,0,0,1,3,1129,0,2295,1,0,2,1,4,0,2,5,1,4,1,1,2,4,4,2,0,40,0,0,0,0,0,7,0,6,4
50,3,51.0,4712,1,0,3,0,3,1,3,1,1,0,2,6,1946,1950,1,0,6,1,0.0,3,3,1,3,3,3,0,384,5,363,747,0,3,1,3,456,0,1230,1,0,1,1,3,0,3,5,0,2,5,2,1,4,4,2,0,57,0,0,63,0,0,8,0,6,0
50,3,60.0,10134,1,3,3,0,3,0,17,2,1,0,3,5,1940,1950,1,0,6,1,0.0,3,3,1,3,3,3,5,0,5,735,735,0,2,1,0,299,0,1034,0,0,1,0,2,0,3,5,0,2,5,2,1,4,4,2,0,39,0,0,0,0,0,7,1,6,4
50,4,63.0,5000,1,3,3,0,0,0,17,2,1,0,3,3,1900,1950,1,0,10,1,0.0,3,3,0,3,3,3,5,0,5,540,540,0,2,0,0,551,0,1440,0,0,1,0,3,0,3,5,0,2,1,2,1,1,4,2,0,0,77,0,0,0,0,4,0,6,4
20,3,75.0,11235,1,3,3,0,3,0,19,2,1,1,2,4,1963,1979,1,0,4,1,51.0,3,3,1,3,3,3,4,547,5,504,1051,0,2,1,3,0,0,1382,0,0,1,1,3,0,3,5,1,3,1,2,2,4,4,2,0,82,0,0,0,0,0,10,0,6,4
20,3,57.0,6420,1,0,3,0,3,0,7,2,1,1,3,6,1952,1952,1,0,10,1,0.0,3,3,2,0,1,2,3,210,0,219,980,0,1,1,0,0,0,1148,0,1,1,0,2,0,3,5,0,2,5,2,1,4,4,2,0,0,0,0,0,0,0,9,0,6,4
20,3,91.0,10437,1,0,3,0,3,0,15,2,1,1,6,5,1995,1995,3,0,6,1,660.0,2,2,2,2,3,1,2,1696,5,413,2109,0,0,1,3,0,0,2113,1,0,2,1,2,0,2,5,1,4,1,0,3,4,4,2,236,46,0,0,0,0,0,8,2,6,4
60,3,80.0,10793,1,3,3,0,3,0,14,6,1,4,3,4,1969,1969,4,0,11,1,263.0,3,3,1,3,3,3,4,493,1,0,780,0,0,1,3,840,0,1620,0,0,2,1,4,0,3,2,0,2,1,0,2,4,4,2,208,0,0,0,0,0,0,4,1,6,4
60,3,67.0,12936,1,0,3,0,1,0,14,2,1,4,4,5,1972,1972,1,0,4,1,0.0,3,3,1,3,1,3,1,593,5,130,723,0,3,1,3,660,0,1395,0,1,1,1,3,0,3,5,1,4,1,2,2,4,4,2,294,116,0,0,0,0,0,12,3,6,4
60,3,97.0,13478,1,0,3,0,0,0,16,2,1,4,8,4,2008,2008,1,0,3,2,420.0,0,3,2,0,3,1,2,1338,5,384,1722,0,0,1,3,568,0,2296,1,0,2,1,3,0,0,5,1,2,3,1,3,4,4,2,382,274,0,0,0,0,0,6,3,3,4
60,3,85.0,14191,1,3,3,0,3,0,23,2,1,4,6,4,2002,2002,1,0,9,1,0.0,2,3,2,2,3,3,5,0,5,967,967,0,0,1,3,915,0,1908,0,0,2,1,4,0,2,5,0,2,1,0,2,4,4,2,135,0,0,0,0,0,0,4,4,6,4
80,3,80.0,8816,1,3,3,0,3,0,4,2,1,6,4,6,1971,1971,1,0,4,1,80.0,3,3,1,3,3,0,2,504,5,506,1010,0,2,1,3,0,0,1052,1,0,1,0,3,0,3,5,0,2,1,2,2,4,4,2,0,0,0,0,0,0,0,6,4,6,4
20,3,65.0,8125,1,3,3,0,3,0,20,2,1,1,4,4,1994,1998,1,0,4,1,258.0,3,3,2,2,3,3,2,1138,5,270,1408,0,0,1,3,0,0,1679,1,0,2,0,3,0,2,5,1,1,1,1,2,4,4,2,224,42,0,0,0,0,0,10,2,6,4
30,4,40.0,3636,1,3,3,0,3,0,9,2,1,1,2,3,1922,1950,1,0,0,1,0.0,3,3,0,3,0,3,5,0,5,796,796,0,1,0,3,0,0,796,0,0,1,0,2,0,3,5,0,2,1,2,0,4,4,0,0,0,100,0,0,0,0,1,2,6,4
60,1,67.0,7050,1,3,3,0,3,0,21,2,1,4,5,4,2001,2001,1,0,9,1,0.0,2,3,2,2,3,3,2,738,5,319,1057,0,0,1,3,872,0,1929,1,0,2,1,3,0,2,5,1,4,1,0,2,4,4,2,0,235,0,0,0,0,0,5,1,6,4
90,3,65.0,8944,1,3,3,0,3,0,12,2,1,1,3,4,1967,1967,1,0,7,1,0.0,3,3,1,3,3,3,5,0,5,1584,1584,0,3,1,3,0,0,1584,0,0,2,0,4,1,3,4,0,2,5,2,3,4,4,2,0,152,0,0,0,0,0,4,3,6,4
80,3,67.0,10246,1,0,3,0,1,0,19,2,1,6,2,8,1965,2001,1,0,9,1,0.0,3,2,1,3,1,0,2,648,5,0,648,0,0,1,3,0,0,960,1,1,0,0,0,0,3,5,0,2,1,2,1,4,4,2,88,0,0,0,0,0,0,5,0,6,4
20,3,89.0,10680,1,3,3,0,3,0,12,2,1,1,3,2,1951,1951,3,0,10,1,44.0,3,3,1,3,0,3,3,756,5,1380,2136,0,3,0,0,0,0,2136,0,0,2,0,4,0,3,4,0,2,5,2,2,4,4,2,0,30,0,0,0,0,0,10,0,6,4
60,3,60.0,21930,1,2,3,0,3,0,8,6,1,4,3,4,2005,2005,1,0,9,1,0.0,2,3,2,2,1,0,5,0,5,732,732,0,0,1,3,1104,0,1838,0,0,2,1,4,0,3,5,1,2,3,0,2,4,4,2,100,40,0,0,0,0,0,7,0,6,4
60,3,67.0,28698,1,1,2,0,1,2,4,2,1,4,3,4,1967,1967,0,1,7,1,0.0,3,3,2,3,1,1,3,249,0,0,1013,0,3,1,3,966,0,2126,0,1,2,1,3,0,3,3,0,2,1,0,2,4,4,2,486,0,0,0,225,0,0,6,3,6,0
60,3,85.0,16056,1,0,3,0,3,0,22,2,1,4,7,4,2005,2006,3,0,3,2,208.0,2,3,2,0,3,0,2,240,5,1752,1992,0,0,1,3,876,0,2868,0,0,3,1,4,0,0,5,1,2,3,0,3,4,4,2,214,108,0,0,0,0,0,7,0,4,5
20,3,71.0,7064,1,3,3,0,3,0,19,2,1,1,3,5,1977,1977,1,0,7,1,153.0,3,3,1,3,3,3,1,560,5,420,980,0,3,1,3,0,0,980,0,0,1,0,3,0,3,5,0,2,5,2,2,4,4,2,192,0,0,0,0,0,0,7,3,6,4
80,3,70.0,7910,1,3,3,0,3,0,12,2,1,6,3,4,1960,1960,3,0,2,1,0.0,3,3,1,3,3,3,0,666,5,409,1075,0,2,1,3,0,0,1507,0,0,2,0,4,0,3,0,0,2,2,2,1,4,4,2,0,0,0,0,0,0,0,8,2,6,4
60,3,67.0,11075,1,0,3,0,3,1,11,2,1,4,3,3,1969,1969,1,0,4,1,232.0,3,3,1,3,3,0,0,562,3,29,784,0,0,1,3,800,0,1968,0,1,2,1,4,0,3,3,1,3,1,1,2,4,4,2,305,189,0,0,0,0,1,9,2,6,4
20,3,118.0,13704,1,0,3,0,0,0,5,2,1,1,5,4,2001,2002,1,0,9,1,150.0,2,3,2,2,3,3,5,0,5,1541,1541,0,0,1,3,0,0,1541,0,0,2,0,3,0,2,5,1,4,1,1,3,4,4,2,468,81,0,0,0,0,0,1,0,6,4
20,3,67.0,6853,1,0,3,0,3,0,23,2,1,1,6,4,2001,2002,1,0,9,1,136.0,2,3,2,0,3,3,2,1005,5,262,1267,0,0,1,3,0,0,1296,1,0,2,0,2,0,2,5,0,2,1,0,2,4,4,2,192,25,0,0,0,0,0,6,3,6,4
85,3,73.0,9069,1,3,3,0,3,0,20,2,1,5,4,5,1992,1992,1,0,4,1,0.0,3,3,2,2,3,0,2,747,5,189,936,0,0,1,3,0,0,996,1,0,1,0,2,0,2,5,0,2,1,2,2,4,4,2,120,0,0,0,0,0,0,4,4,6,4
20,3,67.0,7153,1,3,3,0,3,0,20,2,1,1,4,4,1991,1991,1,0,4,1,88.0,3,3,1,2,3,3,2,1200,5,78,1278,0,2,1,3,0,0,1294,1,0,2,0,3,0,2,5,0,2,1,1,2,4,4,2,112,51,0,0,0,0,0,6,2,6,4
75,3,60.0,6204,1,3,0,0,3,0,18,2,1,2,2,4,1912,1950,1,0,10,1,0.0,2,3,2,3,0,3,5,0,5,795,795,0,3,0,3,795,7,2230,1,0,1,0,5,0,3,5,0,2,5,2,1,4,2,2,0,188,0,0,0,0,0,3,0,6,4
60,3,65.0,8366,1,0,3,0,3,0,20,2,1,4,4,4,2004,2004,1,0,9,1,0.0,2,3,2,2,3,3,5,0,5,798,798,0,0,1,3,842,0,1640,0,0,2,1,3,0,2,5,0,2,1,1,2,4,4,2,138,45,0,0,0,0,0,12,2,6,4
20,3,50.0,5000,1,3,2,0,3,1,3,2,1,1,0,2,1946,1950,1,0,9,1,0.0,1,1,3,3,3,3,5,0,5,0,0,0,1,0,1,0,0,334,0,0,1,0,1,0,1,5,0,2,1,2,0,4,4,0,0,0,0,0,0,0,0,1,1,6,4
20,3,67.0,8978,1,0,3,0,0,0,19,2,1,1,3,4,1968,1968,1,0,7,1,0.0,3,3,2,3,3,3,5,0,5,948,948,0,3,1,3,0,0,948,0,0,1,0,3,0,3,5,0,2,1,2,1,4,4,2,147,0,0,0,0,0,0,5,1,6,3
80,3,67.0,12328,1,0,3,0,3,0,11,2,1,6,4,4,1976,1976,1,0,4,1,335.0,3,3,1,3,3,0,2,539,5,473,1012,0,3,1,3,0,0,1034,1,0,1,0,3,0,3,5,0,2,1,2,3,4,4,2,0,0,0,0,0,0,0,5,4,6,4
50,3,75.0,9525,1,3,3,0,3,0,7,2,1,0,4,3,1954,1972,1,0,10,1,0.0,3,3,1,3,0,3,4,444,5,550,994,0,2,1,3,639,0,1855,0,0,2,0,4,0,3,5,0,2,1,2,1,4,4,2,182,0,0,0,0,0,0,10,0,6,4
60,3,44.0,9548,1,0,3,0,1,0,5,2,1,4,5,5,2003,2003,1,0,9,1,223.0,2,3,2,2,3,3,2,483,5,458,941,0,0,1,3,888,0,1829,1,0,2,1,3,0,2,5,1,4,1,1,2,4,4,2,192,39,0,0,0,0,0,1,4,6,4
20,4,50.0,6000,1,3,3,0,0,0,17,2,1,1,2,6,1954,2000,1,0,6,1,0.0,3,3,1,3,3,3,5,0,5,901,901,0,0,1,3,0,0,901,0,0,1,0,2,0,3,5,0,2,5,2,1,1,4,2,0,0,0,0,0,0,0,8,2,6,4
190,3,67.0,164660,0,0,1,0,0,2,23,2,1,0,3,5,1965,1965,1,0,7,1,0.0,3,3,1,3,3,1,0,1249,1,103,1499,0,0,1,3,167,0,1786,2,0,2,0,3,0,3,5,2,2,1,0,2,4,4,2,670,0,0,0,0,0,4,8,2,6,4
20,3,92.0,11932,1,3,3,0,2,0,21,1,1,1,6,4,2007,2008,1,0,9,2,186.0,2,3,2,2,3,3,5,0,5,1580,1580,0,0,1,3,0,0,1580,0,0,2,0,3,0,2,5,0,2,1,1,3,4,4,2,0,24,0,0,0,0,0,6,2,2,5
20,3,60.0,7200,1,3,3,0,3,0,12,2,1,1,3,4,1950,1950,3,0,6,1,0.0,3,3,1,3,3,3,5,0,5,0,0,0,2,1,3,0,0,1048,0,0,1,0,3,0,3,2,0,2,5,2,2,4,4,2,0,27,0,0,0,0,0,7,2,6,4
160,4,24.0,2016,1,3,3,0,3,0,2,2,1,4,3,4,1970,1970,1,0,4,1,304.0,3,3,1,3,3,3,5,0,5,630,630,0,3,1,3,672,0,1302,0,0,2,1,3,0,3,5,0,2,5,2,2,4,4,2,0,0,0,0,0,0,0,4,1,6,4
20,3,72.0,9000,1,3,3,0,3,0,12,2,1,1,4,4,1956,1956,1,0,10,1,74.0,3,3,1,2,3,3,3,616,5,580,1196,0,2,1,0,0,0,1196,1,0,1,0,2,0,3,5,1,2,1,1,1,4,4,2,0,44,0,0,0,0,0,5,2,6,4
20,3,70.0,7560,1,3,3,0,3,0,12,2,1,1,3,5,1958,1965,3,0,2,1,0.0,3,3,1,3,3,3,3,504,5,525,1029,0,3,1,3,0,0,1339,0,0,1,0,3,0,3,2,0,2,1,2,1,4,4,2,0,0,0,0,0,0,0,5,3,0,0
160,4,24.0,1950,1,3,3,0,3,0,1,2,1,4,4,5,1980,1980,1,0,6,1,0.0,3,2,1,2,3,3,3,81,2,23,716,0,3,1,3,840,0,1556,1,0,2,1,3,0,3,5,1,4,1,0,2,4,4,2,161,0,0,0,0,0,0,7,2,0,4
60,3,82.0,9950,1,0,3,0,3,0,15,2,1,4,5,4,1995,1995,1,0,9,1,290.0,2,3,2,2,3,3,2,565,5,638,1203,0,0,1,3,1306,0,2520,0,0,2,1,4,0,2,5,1,4,1,1,3,4,4,2,224,114,0,0,0,0,0,6,1,6,0
60,3,42.0,26178,1,0,3,0,3,1,23,2,1,4,5,4,1989,1990,3,0,6,1,293.0,2,3,2,2,3,1,2,965,5,245,1210,0,0,1,3,1281,0,2519,1,0,2,1,4,0,2,5,2,2,1,1,2,4,4,2,320,27,0,0,0,0,0,4,0,6,4
20,3,63.0,8500,1,3,3,0,2,0,5,2,1,1,5,4,2004,2004,1,0,9,1,106.0,2,3,2,2,3,0,5,0,5,1422,1422,0,0,1,3,0,0,1422,0,0,2,0,3,0,2,5,0,2,1,1,2,4,4,2,192,60,0,0,0,0,0,11,1,6,4
160,1,34.0,3604,1,3,3,0,0,0,21,2,1,4,5,4,2007,2007,1,0,9,1,0.0,2,3,2,2,3,3,5,0,5,689,689,0,0,1,3,689,0,1392,0,0,2,0,2,0,2,5,0,2,5,2,2,4,4,2,0,102,0,0,0,0,0,2,2,6,0
90,3,70.0,8393,1,3,3,0,0,0,12,2,1,1,3,4,1959,2005,1,0,6,1,122.0,3,3,1,3,3,3,3,528,5,1098,1626,0,0,1,3,0,0,1712,0,0,2,0,4,1,3,5,0,2,1,0,2,4,4,2,272,54,0,0,0,0,0,6,0,6,3
60,3,90.0,9900,1,3,2,0,3,1,15,2,1,4,5,4,1993,1993,1,0,4,1,256.0,2,3,2,2,3,1,2,987,5,360,1347,0,0,1,3,1274,0,2646,1,0,2,1,4,0,2,5,1,4,1,1,3,4,4,2,340,60,144,0,0,0,0,4,3,6,4
20,3,68.0,9450,1,3,0,0,3,1,7,2,1,1,2,4,1954,1954,1,0,6,1,0.0,3,3,1,3,3,3,3,552,5,342,894,0,0,1,3,0,0,894,0,0,1,0,3,0,3,5,0,2,5,2,2,4,4,2,0,0,0,0,0,0,0,5,1,6,0
20,1,60.0,7200,1,3,3,0,3,0,21,2,1,1,5,4,2006,2006,1,0,9,1,0.0,2,3,2,2,1,3,5,0,5,1293,1293,0,0,1,3,0,0,1301,1,0,2,0,2,0,2,5,1,2,1,1,2,4,4,2,216,121,0,0,0,0,0,8,0,4,5
30,4,56.0,8960,1,3,3,0,3,0,17,0,1,1,3,5,1927,1950,1,0,11,1,0.0,3,3,1,3,3,3,5,0,5,1008,1008,0,2,1,0,0,0,1028,0,0,1,0,2,0,3,5,1,2,5,2,2,4,4,2,0,0,130,0,0,0,0,3,4,6,4
60,3,67.0,9505,1,0,3,0,1,0,8,2,1,4,5,4,2001,2001,1,0,9,1,180.0,2,3,2,2,3,3,5,0,5,884,884,0,0,1,3,1151,0,2035,0,0,2,1,3,0,2,5,1,2,3,0,2,4,4,2,144,48,0,0,0,0,0,5,4,6,4
50,3,50.0,7585,1,3,3,0,3,0,7,0,1,0,3,2,1948,1950,1,0,6,1,0.0,3,3,1,1,0,2,5,0,5,810,810,0,1,1,0,454,0,1456,1,1,1,0,4,0,3,5,1,4,5,2,1,4,4,1,0,0,0,0,0,0,0,8,0,6,4
20,3,71.0,8197,1,3,3,0,3,0,19,2,1,1,4,4,1977,1977,1,0,7,1,148.0,3,3,1,3,3,3,5,0,5,660,660,0,0,1,3,0,0,1285,0,0,1,1,3,0,3,5,1,4,1,1,2,4,4,2,138,0,0,0,0,0,0,4,1,6,4
20,3,67.0,8475,1,0,3,0,3,0,12,2,1,1,2,6,1956,1956,1,0,9,1,0.0,3,3,1,3,3,3,0,228,5,724,952,0,0,1,0,0,0,952,0,0,1,0,2,0,3,5,0,2,5,2,1,4,4,2,0,0,0,0,0,0,0,4,2,6,4
80,3,67.0,10448,1,0,3,0,0,0,14,2,1,6,4,5,1972,1972,1,0,4,1,333.0,3,3,1,3,3,3,5,0,5,689,689,0,3,1,3,741,0,2119,0,0,2,1,3,0,3,5,1,4,1,1,2,4,4,2,0,104,0,0,0,0,0,8,3,0,0
70,4,60.0,7740,1,3,3,0,3,0,17,2,1,4,2,6,1910,1950,1,0,9,1,0.0,3,3,1,1,3,3,5,0,5,622,622,0,2,1,3,622,0,1363,0,0,1,0,3,0,3,5,0,2,5,2,2,4,4,2,0,0,0,0,168,0,0,6,4,6,4
20,3,80.0,9650,1,3,3,0,3,0,14,2,1,1,4,4,1977,1977,1,0,7,1,360.0,3,3,1,2,3,3,0,686,5,664,1350,0,3,1,3,0,0,1334,0,1,2,0,2,0,3,5,1,4,1,1,2,4,4,2,0,16,0,0,0,0,0,4,3,6,4
20,3,80.0,10400,1,3,3,0,3,0,14,2,1,1,5,4,1988,1988,1,0,10,1,102.0,3,3,1,2,3,0,2,929,5,916,1845,0,2,1,3,0,0,1872,0,1,2,0,3,0,3,5,1,4,1,0,2,4,4,2,197,39,0,0,0,0,0,6,0,6,4
20,3,50.0,35133,0,3,3,0,3,1,23,2,1,1,3,3,1963,1963,3,0,6,1,226.0,3,3,1,3,3,1,4,1159,5,413,1572,0,2,1,3,0,0,1572,1,0,1,1,3,0,3,5,2,4,0,1,3,4,4,2,0,263,0,0,263,0,0,5,1,6,4
20,3,67.0,9156,1,0,3,0,3,0,14,4,1,1,4,6,1968,1968,3,0,2,1,0.0,3,3,1,3,3,3,5,0,5,1489,1489,0,2,1,3,0,0,1489,0,0,2,0,3,0,2,5,1,2,1,1,2,4,4,2,0,0,0,0,0,0,0,8,3,6,4
20,3,73.0,8990,1,0,3,0,3,0,5,2,1,1,5,4,2006,2006,1,0,9,1,0.0,2,3,2,2,3,2,5,0,5,1498,1498,0,0,1,3,0,0,1498,0,0,2,0,2,0,2,5,0,2,1,1,2,4,4,2,351,33,0,0,0,0,0,4,0,4,5
20,3,64.0,7406,1,3,3,0,3,0,5,2,1,1,5,4,2006,2006,1,0,9,2,84.0,2,3,2,2,3,0,2,684,5,515,1199,0,0,1,3,0,0,1220,1,0,2,0,2,0,2,5,0,2,1,1,2,4,4,2,105,54,0,0,0,0,0,7,0,4,5
60,3,168.0,23257,1,2,1,0,1,0,8,2,1,4,5,4,2006,2006,1,0,9,1,0.0,2,3,2,0,1,3,5,0,5,868,868,0,0,1,3,1134,0,2021,0,0,2,1,3,0,2,5,1,2,3,1,2,4,4,2,0,100,0,0,0,0,0,9,0,4,5
60,3,73.0,8760,1,3,3,0,3,0,5,2,1,4,5,4,2006,2006,1,0,9,1,0.0,2,3,2,2,1,2,2,464,5,927,1391,0,0,1,3,571,0,1962,0,0,2,1,3,0,2,5,0,2,1,1,3,4,4,2,0,90,0,0,0,0,0,8,0,4,5
160,4,67.0,1974,1,3,3,0,3,0,10,2,1,4,2,4,1973,1973,1,0,3,1,0.0,3,3,1,3,3,3,1,334,5,212,546,0,3,1,3,546,0,1092,0,0,1,1,3,0,3,5,0,2,1,1,1,4,4,2,120,96,0,0,0,0,0,5,4,6,4
20,3,100.0,12919,1,0,3,0,3,0,16,2,1,1,7,4,2009,2010,3,0,9,2,760.0,0,3,2,0,3,1,2,2188,5,142,2330,0,0,1,3,0,0,2364,1,0,2,1,2,0,0,5,2,2,1,0,3,4,4,2,0,67,0,0,0,0,0,3,4,4,5
190,3,60.0,9873,1,3,3,0,3,0,3,6,1,1,2,4,1970,1970,1,0,4,1,160.0,3,3,1,3,3,0,0,789,5,171,960,1,3,0,3,0,0,960,1,0,1,0,3,0,3,5,0,2,5,2,2,4,4,2,0,288,0,0,0,0,0,5,0,6,4
50,4,50.0,9000,1,3,0,0,3,0,9,2,1,0,4,5,1937,1950,1,0,10,1,0.0,3,2,2,3,3,3,5,0,5,780,780,0,3,1,3,595,0,1375,0,0,1,1,3,0,2,5,1,2,5,2,1,4,4,1,0,162,0,0,126,0,0,12,1,6,4
90,3,60.0,8544,1,3,3,0,3,0,12,2,1,1,1,3,1950,1950,1,0,8,1,0.0,3,3,1,3,3,3,5,0,5,0,0,0,2,0,1,0,0,1040,0,0,2,0,2,1,3,5,0,2,5,2,2,4,4,2,0,0,0,0,0,0,0,7,0,6,4
90,3,60.0,10800,1,3,3,0,3,0,7,2,1,1,3,4,1987,1988,1,0,7,1,0.0,3,3,1,2,1,1,2,1200,5,0,1200,0,3,1,3,0,0,1200,3,0,3,0,3,0,3,5,0,2,1,2,0,4,4,2,120,0,0,0,0,0,0,3,3,6,2
20,3,84.0,11670,1,0,3,0,0,0,21,7,1,1,7,4,2006,2006,3,0,9,2,302.0,0,3,2,0,1,3,5,0,5,1905,1905,0,0,1,3,0,0,1905,0,0,2,0,3,0,0,5,1,2,1,0,3,4,4,2,0,191,0,0,0,0,0,3,1,6,4
60,3,77.0,9206,1,3,3,0,3,0,20,2,1,4,4,4,1985,1985,1,0,4,1,336.0,2,3,1,2,3,3,5,0,5,741,741,0,3,1,3,755,0,1732,0,0,2,1,3,0,2,5,1,4,1,0,2,4,4,2,192,46,0,0,0,0,0,6,4,6,4
50,3,67.0,11275,1,0,1,0,0,1,6,2,1,0,4,6,1932,1950,1,0,6,1,480.0,3,3,1,3,3,2,4,297,3,0,854,0,3,1,3,895,0,1991,0,0,1,1,3,0,3,5,1,2,5,2,2,4,1,2,0,0,19,0,0,0,0,3,1,6,4
20,3,65.0,9750,1,3,3,0,2,0,12,2,1,1,4,7,1969,1969,1,0,4,1,0.0,3,3,1,2,3,3,0,602,3,14,1054,0,2,1,3,0,0,1054,1,0,1,1,3,0,3,5,0,2,1,2,2,4,4,2,180,0,0,0,80,0,0,7,2,6,4
160,1,34.0,3230,1,3,3,0,0,0,21,2,1,4,4,4,1999,1999,1,0,6,1,1129.0,3,3,2,2,3,3,2,419,5,310,729,0,2,1,3,729,0,1458,0,0,2,1,2,0,3,5,1,1,5,2,2,4,4,2,0,32,0,0,0,0,0,6,1,6,4
20,3,60.0,11100,1,3,2,0,3,0,7,2,1,1,2,6,1946,2006,1,0,6,1,0.0,3,3,1,3,3,3,5,0,5,0,0,0,0,1,3,0,0,930,0,0,1,0,2,0,2,5,0,2,5,2,1,4,4,2,0,0,0,0,0,0,0,4,4,6,0
20,3,67.0,15870,1,0,3,0,0,0,12,2,1,1,3,4,1969,1969,1,0,9,1,0.0,3,3,1,3,3,2,1,75,4,230,1096,0,0,1,3,0,0,1096,1,0,1,0,3,0,3,5,0,2,1,0,1,4,4,2,240,32,0,0,0,0,0,3,0,6,0
85,3,67.0,7252,1,0,3,0,1,0,19,2,1,5,3,4,1982,1982,3,0,10,1,0.0,3,3,1,2,3,0,2,685,5,173,858,0,3,1,3,0,0,858,1,0,1,0,2,0,3,5,0,2,5,2,2,4,4,2,120,0,0,0,0,0,0,4,3,6,4
20,3,60.0,11664,1,3,3,0,3,0,12,0,1,1,4,4,1948,1950,1,0,6,1,206.0,3,3,1,3,0,3,1,336,5,746,1082,0,3,1,3,0,0,1082,0,0,1,0,2,0,3,5,1,2,5,2,1,4,4,2,0,130,0,0,0,0,0,11,1,6,4
70,2,54.0,6629,1,3,3,0,3,0,7,0,1,4,4,5,1925,1950,2,0,10,1,0.0,3,2,0,3,3,3,1,551,5,121,672,0,3,0,3,672,0,1369,1,0,2,0,3,0,3,5,0,2,5,2,1,4,4,2,147,0,0,0,0,0,0,7,3,6,4
60,3,85.0,12244,1,3,3,0,3,0,23,2,1,4,6,4,2003,2003,3,0,9,2,226.0,2,3,2,2,3,1,2,871,5,611,1482,0,0,1,3,780,0,2262,1,0,2,1,4,0,2,5,2,2,1,0,3,4,4,2,168,0,0,0,0,0,0,8,2,6,4
120,4,67.0,4435,1,3,3,0,3,0,5,2,1,1,4,4,2003,2003,1,0,9,1,170.0,2,3,2,2,3,0,2,685,5,163,848,0,0,1,3,0,0,848,1,0,1,0,1,0,2,5,0,2,1,0,2,4,4,2,140,0,0,0,0,0,0,5,3,6,4
50,3,51.0,10480,1,3,3,0,3,0,18,2,1,0,4,4,1936,1950,1,0,6,1,0.0,3,3,0,3,3,3,5,0,5,1064,1064,0,0,1,0,0,5,1639,0,0,1,0,3,0,3,1,0,2,5,2,1,4,4,2,0,0,0,0,0,0,0,3,2,6,4
20,3,67.0,13284,1,3,3,0,3,0,19,4,1,1,3,4,1954,1954,1,0,10,1,0.0,3,3,2,2,3,2,1,1064,5,319,1383,0,3,1,3,0,0,1383,1,0,1,0,3,0,3,5,1,2,1,2,1,4,4,2,511,116,0,0,0,0,0,6,2,6,4
20,3,63.0,8487,1,3,3,0,2,0,5,2,1,1,5,4,2004,2004,1,0,9,1,210.0,2,3,2,2,3,0,2,20,5,1480,1500,0,0,1,3,0,0,1500,0,0,2,0,3,0,2,5,0,2,1,1,2,4,4,2,192,36,0,0,0,0,0,8,3,6,4
50,3,50.0,7000,1,3,3,0,0,0,17,0,1,0,4,5,1924,1950,1,0,6,1,0.0,3,2,0,1,3,3,3,617,5,0,617,0,2,1,3,445,0,1310,0,0,2,0,2,0,3,2,0,2,1,2,1,4,4,2,0,0,126,0,0,0,0,5,0,0,4
20,3,70.0,9100,1,3,3,0,3,0,12,2,1,1,4,5,1959,1959,3,0,10,1,0.0,3,3,1,3,3,3,4,612,5,252,864,0,0,1,3,0,0,864,0,0,1,0,2,0,3,5,0,2,5,2,1,0,0,2,0,0,0,0,0,0,2,10,3,6,4
50,3,67.0,9144,1,3,3,0,3,0,3,2,1,0,3,4,1940,1982,1,0,6,1,0.0,3,3,1,3,3,3,4,399,5,484,883,0,2,1,3,517,0,1505,1,0,1,0,3,0,3,5,0,2,5,2,1,4,4,0,0,0,0,0,0,0,0,7,2,6,4
80,3,67.0,14115,1,3,3,0,3,0,14,2,1,6,5,4,1980,1980,1,0,7,1,225.0,3,3,1,2,3,0,2,1036,5,336,1372,0,3,1,3,0,0,1472,1,0,2,0,3,0,3,5,2,4,1,2,2,4,4,2,233,48,0,0,0,0,0,6,3,6,4
20,3,80.0,9600,1,3,3,0,3,0,12,2,1,1,3,6,1950,2007,1,0,6,1,0.0,2,3,1,3,3,3,0,607,5,506,1113,0,2,1,3,0,0,1113,0,0,1,0,3,0,2,5,1,2,1,2,1,4,4,2,0,80,120,0,0,0,0,7,3,6,4
20,4,90.0,7407,1,3,3,0,3,0,17,0,1,1,4,6,1957,1996,1,0,6,1,0.0,3,3,1,3,3,3,2,600,5,312,912,0,3,1,0,0,0,1236,1,0,1,0,2,0,3,5,0,2,1,2,2,4,4,2,0,158,158,0,0,0,0,4,4,6,4
160,4,21.0,1680,1,3,3,0,3,0,2,2,1,4,4,2,1971,1971,1,0,4,1,604.0,3,3,1,3,3,3,0,358,5,125,483,0,3,1,3,504,0,987,0,0,1,1,2,0,3,5,0,2,5,2,1,4,4,2,0,0,0,0,0,0,0,8,2,6,4
20,3,80.0,9600,1,3,3,0,0,0,12,2,1,1,3,5,1959,1959,1,0,6,1,132.0,3,3,1,3,3,3,0,991,5,50,1041,0,0,1,3,0,0,1041,1,0,1,0,3,0,3,5,0,2,1,1,1,4,4,2,224,88,0,0,0,0,0,7,3,6,4
20,3,67.0,9286,1,0,3,0,1,1,5,2,1,1,3,6,1977,1989,1,0,4,1,0.0,3,3,1,2,1,0,0,196,5,1072,1268,0,3,1,3,0,0,1268,0,0,1,1,3,0,2,5,0,2,5,2,1,4,4,2,173,0,0,0,0,0,0,10,3,6,4
80,3,65.0,10482,1,3,3,0,3,0,12,2,1,6,4,7,1958,1958,3,0,9,1,63.0,3,2,1,3,3,0,2,507,5,81,588,0,0,1,3,0,0,1138,0,1,1,0,3,0,3,5,0,2,1,1,1,4,4,2,224,0,0,0,0,0,0,6,1,6,4
20,3,80.0,10000,1,3,3,0,3,0,14,2,1,1,3,5,1973,2000,1,0,4,1,0.0,3,3,1,2,3,3,1,1084,5,92,1176,0,2,1,3,0,0,1178,0,1,1,1,3,0,2,5,1,1,1,2,2,4,4,2,224,0,0,0,0,0,0,11,2,6,4
20,3,70.0,8749,1,3,3,0,3,0,5,2,1,1,5,4,2002,2002,1,0,9,1,100.0,2,3,2,2,3,3,5,0,5,1459,1459,0,0,1,3,0,0,1459,0,0,2,0,3,0,2,5,1,2,1,1,2,4,4,2,192,39,0,0,0,0,0,9,1,6,4
70,3,75.0,13125,1,3,3,0,3,0,6,2,1,4,5,5,1940,1984,1,0,10,1,0.0,3,3,1,3,3,3,1,410,5,390,800,0,3,1,3,780,0,1740,0,0,1,1,3,0,3,5,2,2,1,2,1,4,4,2,0,0,0,0,0,0,0,7,1,1,4
80,3,67.0,8530,1,0,3,0,3,0,8,2,1,6,5,4,1995,1996,1,0,4,1,22.0,3,3,2,2,3,3,5,0,5,384,384,0,2,1,3,670,0,1474,0,0,2,1,3,0,3,5,1,4,3,0,2,4,4,2,120,72,0,0,0,0,4,5,3,6,4
30,4,52.0,6240,1,3,3,0,3,0,9,2,1,0,2,4,1925,1950,1,0,6,1,0.0,3,3,1,3,3,3,1,152,5,628,780,0,3,1,0,0,3,1208,0,0,1,0,2,0,3,5,0,2,5,2,2,4,4,2,0,23,112,0,0,0,0,1,3,6,4
120,3,38.0,14963,1,1,3,0,3,0,24,2,1,1,6,4,1996,1996,1,0,2,1,0.0,2,3,2,2,3,3,2,786,5,474,1260,0,0,1,3,0,0,1288,1,0,1,1,1,0,0,5,2,2,1,0,2,4,4,2,120,30,0,0,224,0,0,12,2,6,4
190,3,100.0,34650,1,3,0,0,3,0,8,2,1,1,3,4,1955,1955,3,0,10,1,0.0,3,3,1,3,3,2,4,1056,5,0,1056,0,3,0,3,0,0,1056,1,0,1,0,3,0,3,5,0,2,1,0,2,4,4,2,264,0,0,0,0,0,0,1,0,6,4
50,3,67.0,12513,1,0,3,0,2,0,12,1,1,0,2,3,1920,2007,1,0,9,1,0.0,3,2,0,3,0,3,5,0,5,715,715,0,2,1,3,457,0,1738,0,0,2,0,4,0,3,5,1,2,1,2,1,4,4,2,55,0,0,0,0,0,0,6,3,6,4
75,4,75.0,13500,1,3,3,0,3,0,17,0,2,3,8,8,1893,2000,1,0,10,1,0.0,0,0,0,3,3,3,5,0,5,1237,1237,0,2,1,3,1254,0,2775,0,0,3,1,3,0,2,5,1,2,5,2,2,2,4,2,105,502,0,0,0,0,0,7,2,6,4
20,3,91.0,14303,1,0,3,0,0,0,15,2,1,1,6,4,1994,1994,3,0,4,1,554.0,2,3,2,2,3,1,2,1314,5,672,1986,0,0,1,3,0,0,1987,1,0,2,0,2,0,2,5,1,4,1,0,2,4,4,2,262,36,0,0,0,0,0,8,2,6,4
60,3,111.0,16259,1,3,3,0,0,0,16,2,1,4,7,4,2006,2006,1,0,9,2,370.0,3,3,2,0,1,0,5,0,5,1249,1249,0,0,1,3,1347,0,2596,0,0,3,1,4,0,2,5,0,2,1,1,3,4,4,2,240,154,0,0,0,0,0,9,0,4,5
20,3,67.0,9945,1,0,3,0,3,0,19,2,1,1,3,4,1961,1961,3,0,10,1,57.0,3,3,1,3,3,3,4,827,5,161,988,0,3,1,3,0,0,988,1,0,1,0,3,0,3,5,0,2,5,2,2,4,4,2,0,0,0,0,0,0,0,10,1,6,4
20,3,68.0,9571,1,3,3,0,3,0,7,2,1,1,3,2,1958,1958,1,0,1,1,0.0,3,1,1,3,0,3,5,0,5,1276,1276,0,3,1,0,0,0,1276,0,0,1,0,3,0,3,4,0,2,1,2,1,4,4,2,0,0,0,0,0,0,0,6,3,0,0
20,3,110.0,14442,1,3,3,0,3,0,6,2,1,1,4,6,1957,2004,3,0,3,1,106.0,3,3,2,3,3,3,2,1186,5,291,1477,0,0,1,3,0,0,1839,1,0,2,0,3,0,2,5,2,4,1,0,2,4,4,2,0,87,0,0,200,0,0,6,1,6,4
20,3,70.0,10552,1,0,3,0,3,0,12,2,1,1,3,4,1959,1959,3,0,2,1,0.0,3,3,1,3,3,3,4,1018,5,380,1398,0,2,1,3,0,0,1700,0,1,1,1,4,0,2,5,1,2,1,1,2,4,4,2,0,38,0,0,0,0,0,4,4,6,4
20,3,67.0,16669,1,0,3,0,0,0,23,2,1,1,6,5,1981,1981,3,2,7,1,653.0,2,3,1,2,3,3,5,0,5,1686,1686,0,3,1,3,0,0,1707,0,0,2,1,2,0,3,5,1,4,1,1,2,4,4,2,574,64,0,0,0,0,0,1,0,6,4
60,3,74.0,8834,1,3,3,0,3,0,16,2,1,4,7,4,2004,2005,3,0,9,2,216.0,2,3,2,0,3,3,2,1170,5,292,1462,0,0,1,3,762,0,2224,1,0,2,1,4,0,0,5,1,2,1,0,3,4,4,2,184,0,0,0,0,0,0,6,3,6,4
20,3,50.0,14859,1,0,1,0,1,0,8,2,1,1,5,4,2006,2006,3,0,9,1,27.0,2,3,2,2,3,3,5,0,5,1670,1670,0,0,1,3,0,0,1670,0,0,2,0,3,0,2,5,1,2,1,1,3,4,4,2,144,60,0,0,0,0,0,8,0,4,5
50,4,85.0,8500,1,3,3,0,0,0,9,0,1,0,3,6,1919,2005,1,0,3,1,0.0,3,3,1,3,3,3,5,0,5,793,793,1,3,0,1,520,0,1517,0,0,2,0,3,0,1,5,0,2,1,2,0,4,4,0,0,0,144,0,0,0,0,8,1,6,4
90,3,82.0,11070,1,3,3,0,3,0,11,2,1,1,5,4,1988,1989,1,0,9,1,70.0,3,3,1,3,3,3,5,0,5,1907,1907,0,2,1,3,0,0,1959,0,0,3,0,5,1,3,5,0,2,0,2,3,4,4,2,0,0,0,0,0,0,0,7,0,6,3
20,3,182.0,14572,1,2,3,0,0,0,8,2,1,1,5,4,2004,2004,3,0,9,1,0.0,2,3,2,2,3,0,2,1300,5,230,1530,0,0,1,3,0,0,1530,1,0,2,0,3,0,2,5,1,2,1,0,3,4,4,2,144,36,0,0,0,0,0,11,1,6,3
20,3,120.0,9560,1,0,3,0,0,0,5,2,1,1,3,6,1972,1972,3,0,6,1,0.0,3,2,1,3,3,2,4,360,5,504,864,0,0,1,3,0,0,864,0,0,1,0,3,0,3,5,0,2,1,1,1,4,4,2,0,0,0,0,0,0,0,6,0,6,4
20,3,67.0,11500,1,0,3,0,1,0,7,2,1,1,2,2,1957,1957,1,0,10,1,0.0,3,2,3,3,3,3,5,0,5,0,0,0,0,0,3,0,0,845,0,0,1,0,3,0,3,5,0,2,5,2,1,4,4,0,186,0,0,0,0,0,0,1,3,6,4
50,3,86.0,11500,1,0,3,0,3,0,6,2,1,0,5,6,1936,1987,1,0,2,1,0.0,2,3,1,2,3,3,4,223,5,794,1017,0,2,1,3,1037,0,2057,0,0,1,1,3,0,2,5,1,2,1,0,1,1,4,2,0,0,0,0,322,0,0,6,0,6,4
60,3,80.0,9760,1,3,3,0,3,1,12,2,1,4,4,5,1964,1964,1,0,4,1,360.0,3,3,1,3,3,1,2,674,3,0,780,0,3,1,3,813,0,1611,1,0,1,1,4,0,3,5,0,2,1,1,2,4,4,2,328,128,0,0,189,0,0,6,2,6,4
20,3,65.0,8529,1,0,3,0,3,0,20,2,1,1,5,4,2001,2001,1,0,9,1,0.0,2,3,2,2,3,3,2,20,5,1434,1454,0,0,1,3,0,0,1434,0,0,2,0,3,0,2,5,1,4,1,1,2,4,4,2,290,39,0,0,0,0,0,4,3,6,4
20,3,67.0,10920,1,0,3,0,0,0,12,2,1,1,4,4,1960,1960,3,0,6,1,212.0,3,3,1,3,3,3,1,733,5,520,1253,0,3,1,3,0,0,1253,1,0,1,1,2,0,3,5,1,1,1,1,1,4,4,2,0,213,176,0,0,0,0,5,2,6,4
20,3,59.0,10593,1,0,3,0,3,0,15,2,1,1,5,4,1996,1996,3,0,9,1,338.0,2,3,2,2,3,3,2,919,5,801,1720,0,0,1,3,0,0,1720,1,0,2,0,3,0,2,5,1,4,1,0,2,4,4,2,240,56,154,0,0,0,0,3,4,6,4
20,3,60.0,7200,1,3,3,0,3,0,12,2,1,1,3,6,1950,1950,1,0,6,1,0.0,3,3,1,3,3,3,1,534,4,246,876,0,3,1,3,0,0,988,0,0,1,0,3,0,3,5,0,2,1,2,1,4,4,2,0,80,0,0,0,0,0,5,1,6,4
50,3,55.0,7642,1,3,3,0,0,0,6,2,1,0,5,7,1918,1998,1,0,10,1,0.0,2,3,0,3,3,3,5,0,5,912,912,0,2,1,3,514,0,1426,0,0,1,1,3,0,2,5,1,2,5,2,1,4,4,2,0,240,0,0,0,0,0,6,1,6,4
60,3,74.0,10927,1,3,3,0,3,0,16,2,1,4,6,4,2005,2005,1,0,9,1,280.0,2,3,2,2,3,0,2,546,5,512,1058,0,0,1,3,846,0,1904,1,0,2,1,3,0,0,5,1,2,3,0,2,4,4,2,179,60,0,0,0,0,0,6,0,6,4
20,3,80.0,9920,1,3,3,0,3,0,12,2,1,1,3,4,1954,1954,1,0,4,2,110.0,3,3,1,3,3,3,4,354,3,412,1056,0,3,1,3,0,0,1063,1,0,1,0,3,0,3,5,0,2,1,1,1,4,4,2,0,0,164,0,0,0,0,2,4,6,4
190,3,60.0,12180,1,3,3,0,3,0,7,2,1,0,2,3,1941,1950,1,0,6,1,0.0,3,1,0,2,3,3,1,348,5,324,672,2,1,0,0,252,0,924,1,0,1,0,2,0,1,5,0,2,5,2,1,4,4,2,0,0,0,0,0,0,0,7,4,6,4
20,3,90.0,17217,1,3,3,0,3,0,11,2,1,1,3,4,2006,2006,1,0,9,1,0.0,3,3,2,2,3,3,5,0,5,1140,1140,0,0,1,3,0,0,1140,0,0,1,0,3,0,3,5,0,2,1,2,0,4,4,2,36,56,0,0,0,0,0,7,0,6,0
20,3,71.0,9353,1,3,3,0,3,0,12,2,1,1,2,4,1970,1970,1,0,6,1,0.0,3,3,1,3,3,3,5,0,5,864,864,0,2,1,3,0,0,864,0,0,1,0,3,0,3,5,0,2,1,2,1,4,4,2,0,0,0,0,0,0,0,7,0,5,0
50,4,60.0,7200,1,3,3,0,0,0,9,2,1,0,3,5,1938,1995,1,0,10,1,0.0,3,3,1,3,3,3,5,0,5,803,803,0,0,1,3,557,0,1360,0,0,1,1,2,0,2,5,0,2,5,2,1,4,4,2,0,65,190,0,0,0,0,7,0,6,4
120,3,50.0,8012,1,3,3,0,3,0,20,2,1,1,4,4,1992,1992,1,0,7,1,0.0,2,3,2,2,3,3,2,430,5,1145,1575,0,2,1,3,0,0,1575,1,0,2,0,2,0,2,5,0,2,1,1,2,4,4,2,0,0,52,0,0,0,0,7,1,6,4
60,3,174.0,15138,1,0,3,0,3,0,15,2,1,4,6,4,1995,1996,1,0,9,1,506.0,2,3,2,2,3,3,2,689,5,773,1462,0,0,1,3,1304,0,2794,1,0,2,1,4,0,0,5,1,4,1,0,3,4,4,2,0,146,202,0,0,0,0,7,3,6,4
30,3,80.0,11600,1,3,3,0,3,0,6,2,1,1,2,4,1922,1950,1,0,6,1,0.0,3,3,0,1,3,3,5,0,5,700,700,0,0,1,3,0,0,1180,0,0,1,0,2,0,1,5,1,2,5,2,1,4,1,2,0,0,67,0,0,0,0,7,0,6,4
20,3,70.0,8294,1,3,3,0,3,0,12,2,1,1,2,4,1971,1971,1,0,6,1,0.0,3,3,1,3,3,3,5,0,5,858,858,0,3,1,3,0,0,872,0,0,1,0,3,0,3,5,0,2,5,2,4,4,4,2,0,0,0,0,0,0,0,6,1,6,4
20,3,80.0,9600,1,3,3,0,3,0,12,2,1,1,4,4,1953,1953,3,0,4,2,238.0,3,3,1,3,3,3,2,1285,5,131,1416,0,3,1,3,0,0,1644,1,0,1,0,3,0,3,5,2,2,1,0,2,4,4,2,110,0,0,0,0,0,0,10,3,6,4
160,4,21.0,1680,1,3,3,0,3,0,2,2,1,4,4,4,1973,1973,1,0,4,1,158.0,3,3,1,3,3,3,1,330,5,153,483,0,3,1,3,504,0,987,1,0,1,1,2,0,3,5,0,2,5,2,1,4,4,2,0,0,0,0,0,0,0,11,2,6,4
20,3,47.0,16321,1,0,3,0,1,0,12,2,1,1,3,5,1957,1997,1,0,6,1,0.0,3,3,1,3,3,1,1,1277,5,207,1484,0,3,1,3,0,0,1600,1,0,1,0,2,0,3,5,2,2,1,1,1,4,4,2,288,258,0,0,0,0,0,12,0,6,4
20,3,80.0,10000,1,3,3,0,0,0,19,1,1,1,3,5,1961,1983,3,0,4,1,0.0,3,3,1,3,3,3,1,594,5,270,864,0,0,1,3,0,0,1144,1,0,1,0,3,0,3,5,1,4,1,1,1,4,4,2,165,0,0,0,0,0,1,3,3,6,4
30,4,47.0,4608,1,3,3,0,0,0,17,0,1,1,2,5,1945,1950,1,0,6,1,0.0,3,2,1,3,3,3,5,0,5,747,747,0,3,1,3,0,0,747,0,0,1,0,2,0,3,5,0,2,1,2,1,4,4,2,0,0,0,0,0,0,0,6,4,6,4
60,3,72.0,10463,1,0,1,0,1,0,8,2,1,4,6,4,2005,2005,1,0,9,1,0.0,2,3,2,2,3,3,5,0,5,893,893,0,0,1,3,900,0,1801,0,0,2,1,3,0,2,5,1,2,1,0,3,4,4,2,0,116,0,0,0,0,0,6,0,6,4
120,1,35.0,4274,1,0,3,0,3,0,21,2,1,1,5,4,2006,2007,1,0,9,1,0.0,2,3,2,2,3,3,2,1106,5,135,1241,0,0,1,3,0,0,1241,1,0,1,1,1,0,2,5,0,2,1,0,2,4,4,2,0,116,0,0,0,0,0,11,1,4,5
20,3,67.0,8877,1,3,3,0,3,1,7,2,1,1,2,5,1938,1958,1,0,6,1,0.0,3,3,1,3,3,2,0,690,5,126,816,0,0,1,3,0,0,816,1,0,1,0,2,0,3,5,1,2,5,2,1,1,1,2,0,0,0,0,0,0,0,5,3,6,4
60,3,70.0,7700,1,3,3,0,3,0,12,4,1,4,4,4,1966,1966,1,0,6,1,351.0,3,3,1,3,3,3,5,0,5,756,756,0,3,1,3,788,0,1839,0,0,1,1,4,0,3,5,1,4,1,2,2,4,4,2,0,124,216,0,0,0,0,6,4,6,4
120,3,53.0,3982,1,3,3,0,3,0,0,2,1,1,6,4,2006,2006,3,0,9,1,0.0,2,3,2,2,1,0,2,1154,5,366,1520,0,0,1,3,0,0,1567,1,0,2,0,1,0,0,5,1,2,1,0,3,4,4,2,312,0,0,0,0,0,0,10,0,4,5
50,3,80.0,9600,1,3,3,0,3,0,12,2,1,0,4,4,1950,1950,1,0,9,1,0.0,3,3,1,3,3,3,1,280,5,752,1032,0,3,1,0,220,0,1252,0,0,1,0,3,0,3,5,0,2,1,2,1,4,4,2,0,0,96,0,0,0,0,4,2,6,0
60,3,77.0,11198,1,0,3,0,3,0,22,2,1,4,7,4,2005,2007,3,0,9,1,245.0,2,3,2,2,1,3,5,0,5,1122,1122,0,0,1,3,1370,0,2504,0,0,2,1,4,0,0,5,1,2,3,0,3,4,4,2,144,39,0,0,0,0,0,6,2,6,4
20,3,80.0,9250,1,3,3,0,0,0,12,2,1,1,3,6,1954,2005,1,0,10,1,0.0,3,3,1,3,3,3,1,480,3,108,1056,0,3,1,3,0,0,1056,0,1,1,0,3,0,3,5,0,2,1,2,1,4,4,2,390,0,0,0,0,0,0,7,1,6,4
30,3,60.0,10200,1,3,3,0,3,0,19,2,1,1,3,7,1940,1997,1,0,10,1,0.0,3,3,2,3,3,3,5,0,5,672,672,0,0,1,3,0,0,672,0,0,1,0,2,0,3,5,0,2,5,2,1,4,4,0,168,0,0,0,0,0,0,8,2,6,4
20,3,66.0,8923,1,3,3,0,3,0,12,2,1,1,3,6,1953,2006,1,0,10,1,0.0,3,3,1,3,3,3,1,643,5,365,1008,0,2,1,3,0,0,1008,1,0,1,0,2,0,2,5,0,2,1,2,1,4,4,2,0,18,0,0,0,0,0,5,1,6,4
190,4,60.0,10120,1,0,0,0,3,0,17,1,1,3,5,3,1910,1950,3,0,10,1,0.0,1,3,1,3,3,3,5,0,5,925,925,0,3,0,1,925,0,1889,0,0,1,1,4,1,3,5,1,2,5,2,1,4,4,0,0,0,264,0,0,0,0,1,1,6,4
20,3,103.0,11175,1,0,3,0,0,0,5,2,1,1,5,4,2007,2007,1,0,9,1,0.0,2,3,2,2,3,0,5,0,5,1316,1316,0,0,1,3,0,0,1316,0,0,2,0,3,0,2,5,1,2,1,0,2,4,4,2,0,20,0,0,0,0,0,10,1,4,5
20,3,89.0,12461,1,3,3,0,0,0,15,2,1,1,6,4,1994,1995,1,0,5,1,0.0,2,3,2,2,3,3,2,1456,5,168,1624,0,0,1,3,0,0,1624,1,0,2,0,2,0,2,5,1,1,1,1,3,4,4,2,0,114,192,0,0,0,0,7,0,6,4
120,3,53.0,3684,1,3,3,0,3,0,0,2,1,1,5,4,2007,2007,3,0,9,1,130.0,2,3,2,2,3,3,5,0,5,1373,1373,0,0,1,3,0,0,1555,0,0,2,0,2,0,2,5,1,4,1,0,3,4,4,2,143,20,0,0,0,0,0,6,3,6,4
160,3,67.0,5062,1,0,3,0,1,0,22,2,1,4,5,4,1984,1984,1,0,4,1,0.0,2,3,1,2,3,2,2,828,3,180,1190,0,2,1,3,900,0,2090,1,0,2,0,3,0,2,2,1,4,1,0,2,4,4,2,219,0,0,0,0,0,0,9,1,6,4
60,3,59.0,7837,1,0,3,0,3,0,8,2,1,4,4,6,1993,1994,1,0,9,1,0.0,2,3,2,2,3,3,5,0,5,799,799,0,2,1,3,772,0,1571,0,0,2,1,3,0,3,5,1,4,1,1,2,4,4,2,0,40,0,0,0,0,0,5,3,6,4
50,4,67.0,6240,1,3,3,0,3,0,3,2,1,0,3,3,1936,1950,1,0,6,1,0.0,3,3,0,2,3,3,5,0,5,896,896,0,2,1,0,448,0,1344,0,0,1,0,3,0,3,5,0,2,5,2,1,1,4,2,200,114,0,0,0,0,0,4,0,6,4
120,3,67.0,3196,1,3,3,0,3,0,0,2,1,1,5,4,2003,2004,1,0,9,1,18.0,2,3,2,2,3,1,5,0,5,1374,1374,0,0,1,3,0,0,1557,0,0,2,0,2,0,2,5,1,4,1,0,2,4,4,2,143,20,0,0,0,0,0,10,0,6,4
20,3,74.0,5868,1,3,3,0,3,0,12,2,1,1,3,6,1956,2000,1,0,6,1,0.0,3,3,1,3,3,3,1,248,4,448,936,0,0,1,3,0,0,936,1,0,1,0,2,0,3,5,0,2,1,0,1,4,4,2,0,0,80,0,160,0,0,5,4,6,4
90,3,64.0,7018,1,3,0,0,3,0,20,2,1,1,3,4,1979,1979,1,0,4,1,0.0,3,1,3,3,3,3,5,0,5,0,0,0,3,1,3,0,0,1535,0,0,2,0,4,1,3,5,0,2,1,2,2,4,4,2,0,0,0,0,0,0,0,6,3,6,2
60,3,60.0,7500,1,3,3,0,3,0,8,2,1,4,5,4,1999,1999,1,0,9,1,0.0,3,3,2,3,3,3,5,0,5,994,994,0,2,1,3,776,0,1804,0,0,2,1,3,0,2,5,1,4,1,0,2,4,4,2,140,60,0,0,0,0,0,6,4,6,4
60,3,67.0,7472,1,0,3,0,1,0,12,2,1,4,5,8,1972,2004,1,0,4,1,138.0,3,3,1,3,3,3,0,626,5,99,725,0,2,1,3,754,0,1479,1,0,1,1,4,0,2,5,0,2,1,0,2,4,4,2,0,32,0,0,0,0,0,6,1,6,4
50,3,70.0,8737,1,0,0,0,3,0,3,2,1,0,4,6,1923,1950,1,0,2,1,0.0,3,3,0,2,3,3,4,300,5,765,1065,0,0,1,0,720,0,1635,0,0,1,1,3,0,3,5,1,2,5,2,2,4,4,2,0,38,0,1,0,0,0,5,1,6,4
60,3,65.0,12257,1,0,3,0,3,0,15,2,1,4,6,4,1995,1995,1,0,9,1,513.0,2,3,2,2,3,0,3,56,0,1198,1318,0,0,1,3,1203,0,2531,0,0,2,1,4,0,2,5,1,4,1,1,3,4,4,2,222,98,0,0,0,0,0,11,1,6,4
60,3,118.0,35760,1,0,3,0,1,0,15,2,1,4,8,4,1995,1996,3,0,4,1,1378.0,2,2,2,0,3,1,2,1387,5,543,1930,0,0,1,3,1796,0,3627,1,0,3,1,4,0,2,5,1,4,1,0,3,4,4,2,361,76,0,0,0,0,0,7,0,6,4
20,3,71.0,9520,1,0,1,0,3,0,23,2,1,1,6,4,2007,2008,1,0,9,2,338.0,2,3,2,2,3,1,2,1513,5,125,1638,0,0,1,3,0,0,1646,1,0,2,0,3,0,2,5,1,2,1,1,3,4,4,2,192,44,0,0,0,0,0,4,2,4,5
20,3,80.0,9600,1,3,3,0,3,0,14,4,1,1,6,4,1981,1981,3,3,2,1,0.0,2,3,2,2,3,3,0,1104,5,1420,2524,0,3,1,3,0,0,2524,1,0,2,1,4,0,2,5,1,2,1,0,2,4,4,2,474,120,0,0,0,0,0,7,3,6,4
50,4,52.0,6240,1,3,3,0,3,0,3,2,1,0,3,6,1930,1992,1,0,6,1,0.0,3,3,2,3,3,3,5,0,5,1078,1078,0,3,1,3,445,0,1573,0,0,2,0,3,0,3,5,1,2,5,2,2,4,4,1,0,0,0,0,0,0,0,6,2,6,4
20,3,67.0,13265,1,0,3,0,1,0,11,2,1,1,6,4,2002,2002,3,0,3,1,148.0,2,3,2,2,3,3,2,1218,5,350,1568,0,0,1,3,0,0,1689,1,0,2,0,3,0,2,5,2,2,1,1,3,4,4,2,150,59,0,0,0,0,0,7,2,6,4
160,3,24.0,2280,1,3,3,0,2,0,13,2,1,4,4,5,1976,1976,1,0,7,1,0.0,3,3,1,2,3,3,0,566,5,289,855,0,3,1,3,601,0,1456,0,0,2,1,3,0,3,5,1,4,1,2,2,4,4,2,87,0,0,0,0,0,0,7,3,6,4
20,1,81.0,11216,1,3,3,0,3,0,21,2,1,1,6,4,2006,2006,1,0,9,1,0.0,2,3,2,2,1,3,5,0,5,1489,1489,0,0,1,3,0,0,1489,0,0,2,0,3,0,2,5,1,2,1,1,2,4,4,2,0,140,0,0,0,0,0,6,0,4,5
50,3,58.0,8410,1,3,3,0,2,0,7,1,1,0,3,2,1910,1996,2,0,10,1,0.0,3,1,2,3,3,3,5,0,5,658,658,0,3,1,3,526,0,1184,0,0,1,0,5,0,3,5,0,2,1,2,0,4,4,0,0,151,0,0,0,0,0,5,0,6,1
60,3,67.0,10364,1,0,3,0,3,0,8,2,1,4,4,4,1995,1996,1,0,6,1,0.0,3,3,2,2,3,3,5,0,5,806,806,0,2,1,3,766,0,1572,0,0,2,1,3,0,3,5,1,4,3,0,2,4,4,2,0,40,0,0,0,0,0,5,1,6,4
20,3,67.0,7758,1,0,3,0,0,0,19,2,1,1,3,6,1962,2001,1,0,4,1,0.0,3,2,1,3,3,3,0,588,5,411,999,0,2,1,3,0,0,999,1,0,1,0,3,0,2,5,0,2,5,2,1,4,4,2,0,132,0,0,0,0,0,3,1,6,4
20,3,70.0,7560,1,3,3,0,3,0,12,2,1,1,3,4,1959,1959,1,0,2,1,0.0,3,3,1,3,3,3,3,369,5,671,1040,0,3,1,0,0,0,1040,0,0,1,0,3,0,3,5,0,2,1,1,1,4,4,2,140,0,252,0,0,0,0,7,0,6,4
20,3,88.0,13125,1,3,3,0,0,0,19,2,1,1,3,3,1957,2000,1,0,10,0,67.0,3,3,1,3,3,3,4,168,1,284,1134,0,0,1,3,0,0,1803,1,0,2,0,3,0,3,0,1,4,1,1,2,4,4,2,0,0,0,0,0,0,0,1,0,6,4
80,3,67.0,14112,1,0,3,0,0,0,12,2,1,6,3,6,1964,1964,3,0,10,1,86.0,3,3,2,3,3,0,2,1014,5,138,1152,0,3,1,3,0,0,1152,1,0,1,0,3,0,3,5,1,2,1,1,2,4,4,2,227,0,0,0,0,0,0,4,4,6,4
60,3,65.0,8125,1,3,3,0,3,0,8,2,1,4,4,4,1994,1995,1,0,4,1,0.0,3,3,2,2,3,3,5,0,5,702,702,0,2,1,3,779,0,1481,0,0,2,1,3,0,3,5,1,4,1,0,2,4,4,2,0,36,0,0,0,0,0,3,3,6,4
50,3,80.0,9600,1,3,3,0,3,0,12,2,1,0,4,7,1950,2005,1,0,9,1,0.0,3,2,1,3,3,3,1,120,5,736,856,0,0,1,3,556,0,1668,0,0,1,1,3,0,3,3,0,2,1,2,1,4,4,2,0,0,0,0,0,0,0,9,3,6,4
60,3,67.0,9130,1,3,3,0,3,0,14,1,1,4,4,7,1966,2000,3,0,4,1,252.0,3,3,1,3,3,3,2,400,4,336,800,0,2,1,3,832,0,1632,0,1,1,1,4,0,2,5,0,2,1,2,2,4,4,2,0,40,0,0,0,0,0,7,2,6,4
20,3,67.0,9991,1,0,3,0,0,0,19,1,1,1,2,3,1976,1993,1,0,7,1,0.0,3,3,1,3,3,3,1,1116,5,165,1281,0,0,1,3,0,0,1620,1,0,2,0,3,0,3,2,1,4,1,2,2,4,4,2,120,78,0,0,0,0,0,6,3,6,4
20,3,85.0,14331,1,3,3,0,3,0,23,2,1,1,6,4,2002,2002,3,0,9,1,630.0,2,3,2,0,3,1,2,1274,5,526,1800,0,0,1,3,0,0,1800,1,0,2,0,3,0,2,5,1,2,1,0,3,4,4,2,270,78,0,0,0,0,0,5,0,6,4
20,3,73.0,9300,1,3,3,0,3,0,12,1,1,1,3,4,1960,1960,1,0,6,1,324.0,3,3,1,3,3,3,4,697,5,571,1268,0,3,1,3,0,0,1264,1,0,1,0,3,0,3,5,2,2,1,2,2,4,4,2,0,0,0,0,143,0,0,4,4,6,4
30,4,84.0,11340,1,3,3,0,0,0,17,2,1,1,4,4,1923,1950,1,0,10,1,0.0,3,3,0,3,3,3,5,0,5,1200,1200,0,3,1,0,0,0,1200,0,0,1,0,4,0,3,5,0,2,5,2,1,1,1,2,0,0,228,0,0,0,0,3,0,6,3
50,4,40.0,4400,1,3,3,0,3,0,17,2,1,0,4,7,1920,1950,1,0,8,1,0.0,3,3,0,1,3,3,5,0,5,648,648,0,3,1,0,384,0,1118,0,0,1,0,2,0,3,5,0,2,5,2,2,4,4,2,0,0,0,0,0,0,0,10,0,6,4
60,3,84.0,14260,1,0,3,0,2,0,15,2,1,4,6,4,2000,2000,1,0,9,1,350.0,2,3,2,2,3,0,2,655,5,490,1145,0,0,1,3,1053,0,2198,1,0,2,1,4,0,2,5,1,4,1,1,3,4,4,2,192,84,0,0,0,0,0,12,2,6,4
80,3,102.0,10192,1,0,3,0,3,0,14,2,1,6,5,5,1968,1992,1,0,6,1,143.0,3,3,1,3,3,3,5,0,5,570,570,0,2,1,3,698,0,1920,0,0,3,0,4,0,2,5,1,4,1,1,2,4,4,2,0,98,0,0,0,0,0,9,0,6,4
20,3,88.0,11394,1,3,3,0,0,0,22,2,1,1,7,1,2010,2010,3,0,9,2,350.0,2,3,2,0,3,0,2,1445,5,411,1856,0,0,1,3,0,0,1856,1,0,1,1,1,0,0,5,1,0,1,0,3,4,4,2,113,0,0,0,0,0,0,6,4,4,5
20,3,67.0,16635,1,0,3,0,2,0,14,2,1,1,4,6,1977,2000,1,0,3,2,126.0,2,3,1,2,3,3,0,1246,5,356,1602,0,2,1,3,0,0,1602,0,1,2,0,3,0,2,5,1,4,1,0,2,4,4,2,240,0,0,0,0,0,0,6,3,6,4
30,3,40.0,4280,1,3,3,0,3,0,6,2,1,1,3,5,1913,2002,1,0,11,1,0.0,3,3,2,3,3,3,3,365,5,75,440,0,3,0,3,0,0,694,0,0,1,0,2,0,2,5,1,2,5,2,1,2,4,1,0,0,34,0,0,0,0,3,1,6,4
20,3,80.0,9200,1,3,3,0,3,0,12,2,1,1,4,5,1965,1965,1,0,4,1,0.0,3,3,1,3,3,3,4,892,5,244,1136,0,3,1,3,0,0,1136,1,0,1,0,3,0,3,5,1,2,1,1,1,4,4,2,426,0,0,0,0,0,0,7,2,6,4
60,3,59.0,9042,1,0,3,0,3,0,8,2,1,4,4,4,1998,1998,1,0,9,1,0.0,3,3,2,2,3,1,2,828,5,115,943,0,2,1,3,695,0,1638,1,0,2,1,3,0,3,5,2,4,1,0,2,4,4,2,100,38,0,0,0,0,0,7,2,6,4
60,3,58.0,10852,1,0,3,0,3,0,8,6,1,4,4,4,2000,2000,1,0,9,1,0.0,3,3,2,2,3,3,2,786,5,173,959,0,0,1,3,712,0,1671,1,0,2,1,3,0,3,5,1,4,1,0,2,4,4,2,0,38,0,0,0,0,0,2,0,6,4
75,3,174.0,25419,1,3,3,0,0,0,12,0,1,4,6,3,1918,1990,1,0,8,1,0.0,2,2,2,3,3,3,2,1036,3,140,1360,0,2,1,3,1360,4,3112,1,1,2,0,4,0,2,5,1,0,5,2,2,4,4,2,0,16,552,0,0,1,0,3,0,6,0
160,4,36.0,2592,1,3,3,0,3,0,10,2,1,4,3,2,1976,1976,1,0,3,1,0.0,3,3,1,2,3,3,4,129,1,175,536,0,3,1,3,576,0,1112,0,0,1,1,3,0,3,5,0,2,1,2,1,4,4,2,182,0,0,0,0,0,0,4,4,6,4
30,4,60.0,8967,1,3,3,0,0,0,9,2,1,1,3,1,1920,1950,1,0,6,1,0.0,3,1,0,1,2,3,5,0,5,961,961,0,2,1,2,0,0,1077,0,0,1,0,2,0,3,1,0,2,5,2,1,3,3,0,0,0,0,0,0,0,0,11,1,6,0
60,3,83.0,10005,1,3,3,0,3,0,4,2,1,4,5,4,1977,1977,3,0,7,1,299.0,3,3,1,2,3,3,1,392,5,768,1160,0,0,1,3,866,0,2022,0,0,2,1,4,0,3,5,1,4,1,0,2,4,4,2,288,117,0,0,0,0,0,3,2,6,4
60,3,75.0,9317,1,3,3,0,3,0,20,2,1,4,5,4,1993,1993,1,0,4,1,137.0,2,3,2,2,3,3,0,513,5,227,740,0,0,1,3,769,0,1775,1,0,2,1,3,0,2,5,1,4,1,2,2,4,4,2,234,72,192,0,0,0,0,7,3,6,4
60,3,80.0,9938,1,3,3,0,3,0,20,2,1,4,5,4,1993,1994,1,0,6,1,246.0,2,3,2,2,3,3,2,750,5,300,1050,0,0,1,3,887,0,1949,1,0,2,1,3,0,2,5,1,4,1,0,2,4,4,2,156,90,0,0,0,0,0,6,4,6,4
50,4,50.0,6000,1,3,3,0,0,0,3,2,1,0,4,6,1929,1950,1,0,11,1,0.0,3,3,0,3,3,3,5,0,5,862,862,0,3,1,3,208,0,1158,0,0,1,0,3,0,3,5,1,2,3,1,1,4,4,2,0,0,112,0,0,0,0,7,2,6,4
60,3,85.0,11103,1,0,3,0,0,0,5,2,1,4,5,4,2006,2006,1,0,9,1,0.0,2,3,2,2,3,3,5,0,5,728,728,0,0,1,3,728,0,1456,0,0,2,1,3,0,2,5,1,4,1,0,2,4,4,2,0,0,0,0,0,0,0,7,1,4,5
60,1,75.0,8004,1,0,3,0,3,0,21,6,1,4,6,4,2009,2009,1,0,9,2,110.0,2,3,2,2,3,3,2,544,5,288,832,0,0,1,3,1103,0,1935,1,0,2,1,3,0,3,5,0,2,3,0,2,4,4,2,0,150,0,0,0,0,0,12,3,4,5
190,3,60.0,10800,1,3,3,0,3,0,17,2,1,4,2,6,1900,2000,1,0,6,1,0.0,3,3,0,3,3,3,5,0,5,0,0,0,3,0,0,600,0,1294,0,0,2,0,3,1,3,5,0,2,1,2,0,4,4,0,220,114,210,0,0,0,0,8,2,6,4
70,4,34.0,4571,1,3,3,0,3,0,17,2,1,4,3,4,1916,1950,1,0,0,1,0.0,3,3,0,3,3,3,5,0,5,624,624,0,1,0,3,720,0,1344,0,0,1,0,4,0,3,5,0,2,5,2,3,1,1,2,0,0,96,0,0,0,0,5,2,0,0
180,4,21.0,1890,1,3,3,0,3,0,10,2,1,5,2,6,1972,1972,1,0,3,1,0.0,3,2,1,2,3,0,0,495,5,135,630,0,2,1,3,0,0,630,1,0,1,0,1,0,3,5,0,2,1,2,0,4,4,2,88,0,0,0,0,0,0,6,2,6,4
50,3,60.0,7200,1,3,3,0,0,0,18,1,1,0,3,6,1937,1950,1,0,10,1,252.0,3,3,0,2,3,3,0,569,5,162,731,0,0,1,3,787,0,1768,1,0,1,1,3,0,2,5,2,4,5,2,1,4,4,2,0,0,264,0,0,0,0,6,1,6,4
20,3,67.0,9790,1,3,3,0,3,0,14,1,1,1,4,4,1963,1963,3,0,4,1,451.0,3,3,1,3,3,3,0,569,4,678,1328,0,3,1,3,0,0,1328,1,0,1,1,3,0,3,5,2,2,1,2,2,4,4,2,0,26,0,0,0,0,0,6,4,6,4
70,3,53.0,10918,1,3,3,0,3,0,6,2,1,4,5,8,1926,2004,2,0,6,1,0.0,2,3,0,2,3,3,5,0,5,1276,1276,0,0,1,3,804,0,2080,0,0,1,1,3,0,2,5,2,2,5,2,1,4,4,2,0,0,0,0,145,0,0,6,3,6,4
20,3,80.0,10721,1,0,3,0,3,0,12,2,1,1,4,5,1959,1959,3,0,4,2,243.0,2,3,1,3,3,3,5,0,5,1252,1252,0,0,1,3,0,0,1252,0,0,1,0,3,0,2,5,0,2,5,2,2,4,4,2,0,39,0,0,0,0,0,10,2,6,4
20,2,67.0,8900,1,3,3,0,3,0,20,2,1,1,2,3,1966,1966,1,0,4,1,0.0,3,3,1,3,3,3,4,1056,5,0,1056,0,3,1,3,0,0,1056,1,0,1,0,2,0,3,5,0,2,5,2,1,4,4,2,0,42,0,0,0,0,0,11,0,6,4
30,3,67.0,12342,1,0,3,0,3,0,7,2,1,1,2,4,1940,1950,1,0,9,1,0.0,3,3,1,3,3,3,1,262,5,599,861,0,0,1,3,0,0,861,0,0,1,0,1,0,3,5,0,2,5,2,2,4,4,2,158,0,0,0,0,0,0,3,3,6,4
30,4,60.0,6911,1,3,3,0,2,0,3,1,1,1,3,4,1924,1950,1,0,10,1,0.0,3,3,2,3,3,2,3,405,5,740,1145,0,3,1,3,0,0,1301,0,0,1,0,2,0,1,2,0,2,5,2,2,4,4,2,0,0,0,0,0,0,0,10,3,6,4
160,4,32.0,3363,1,3,3,0,3,0,7,2,1,4,5,4,2004,2004,1,0,9,2,117.0,2,3,2,2,3,3,5,0,5,976,976,0,0,1,3,732,0,1708,0,0,2,0,3,0,2,0,0,2,5,2,2,4,4,2,0,40,0,0,0,0,0,4,0,6,4
60,3,60.0,6931,1,3,3,0,3,0,7,2,1,4,5,4,2003,2004,1,0,9,2,92.0,2,3,2,2,3,3,5,0,5,746,746,0,0,1,3,896,0,1656,0,0,2,1,3,0,2,5,1,2,3,0,2,4,4,2,178,128,0,0,0,0,0,7,2,6,4
160,4,21.0,1890,1,3,3,0,3,0,2,2,1,4,4,4,1973,1973,1,0,4,1,285.0,3,3,1,3,3,3,1,356,5,316,672,0,3,1,3,546,0,1218,0,0,1,1,3,0,3,5,0,2,5,2,1,4,4,2,144,28,0,0,0,0,0,5,1,6,4
80,3,120.0,19296,1,3,3,0,0,0,12,0,1,6,4,4,1962,1962,1,0,10,1,399.0,3,3,1,3,3,1,4,672,0,0,1362,0,3,1,3,0,0,1382,1,0,1,0,3,0,3,5,1,4,1,2,2,4,4,2,0,0,252,0,0,0,0,5,3,6,4
50,4,59.0,5310,1,3,3,0,0,0,17,1,1,0,4,7,1910,2003,3,0,9,1,0.0,3,2,1,3,0,3,5,0,5,485,485,0,2,1,3,634,0,1635,0,0,1,0,2,0,2,5,0,2,1,2,1,1,4,2,394,0,0,0,0,0,0,6,0,6,4
50,0,66.0,8712,1,3,1,0,3,1,9,2,1,0,2,6,1900,1950,1,0,6,1,0.0,3,3,4,3,3,2,5,0,5,859,859,0,2,1,3,319,0,1178,0,0,1,0,2,0,3,5,0,2,5,1,1,4,4,0,68,0,98,0,0,0,0,1,4,6,0
20,3,70.0,8400,1,3,3,0,3,0,12,2,1,1,3,5,1957,1957,1,0,6,1,0.0,3,2,1,3,3,3,4,922,5,392,1314,0,3,1,3,0,0,1314,1,0,1,0,3,0,3,5,0,2,1,1,1,4,4,2,250,0,0,0,0,0,0,6,4,6,4
60,3,68.0,9179,1,0,3,0,3,0,5,2,1,4,5,4,1999,1999,1,0,9,1,158.0,2,3,2,2,3,3,2,633,5,240,873,0,0,1,3,908,0,1790,1,0,2,1,3,0,2,5,0,2,1,1,2,4,4,2,0,88,0,0,0,0,0,6,2,6,0
20,3,75.0,9937,1,3,3,0,3,0,7,2,1,1,3,5,1965,1965,1,0,4,1,0.0,2,3,1,3,3,3,1,830,3,136,1256,0,2,1,3,0,0,1256,1,0,1,1,3,0,3,5,0,2,1,0,1,4,4,2,736,68,0,0,0,0,0,6,2,6,4
160,4,24.0,2522,1,3,3,0,3,0,7,2,1,4,5,4,2004,2004,1,0,9,2,50.0,2,3,2,2,3,3,5,0,5,970,970,0,0,1,3,739,0,1709,0,0,2,0,3,0,2,0,0,2,5,2,2,4,4,2,0,40,0,0,0,0,0,4,0,6,4
30,4,51.0,6120,1,3,3,0,0,0,3,2,1,1,3,6,1931,1993,1,0,10,1,0.0,3,3,0,3,3,3,1,209,5,506,715,0,3,1,0,0,0,875,1,0,1,0,2,0,3,5,0,2,5,2,1,1,4,2,48,0,0,0,0,0,0,11,3,6,4
50,4,60.0,10440,1,3,3,0,0,0,17,2,1,4,3,5,1910,1981,1,0,10,1,0.0,3,3,2,3,3,3,5,0,5,440,440,0,2,1,3,548,0,1230,0,0,1,1,2,0,3,5,0,2,5,2,2,4,4,2,74,0,128,0,0,0,0,5,3,6,4
120,3,43.0,3182,1,3,3,0,3,0,0,2,1,1,5,4,2005,2006,1,0,9,1,11.0,2,3,2,2,3,3,2,16,5,1129,1145,0,0,1,3,0,0,1145,0,0,2,0,2,0,2,5,1,2,1,0,2,4,4,2,100,16,0,0,0,0,0,9,3,6,4
20,3,93.0,12030,1,3,3,0,3,0,16,2,1,1,6,4,2007,2007,3,0,9,1,254.0,0,3,2,0,3,3,5,0,5,1694,1694,0,0,1,3,0,0,1694,0,0,2,0,3,0,2,5,0,2,1,0,3,4,4,2,168,228,0,0,0,0,0,12,1,4,5
160,1,24.0,2645,1,3,3,0,3,0,21,2,1,4,6,4,1999,2000,1,0,6,1,456.0,2,3,2,2,3,3,5,0,5,776,776,0,0,1,3,677,0,1441,0,0,2,1,2,0,2,5,0,2,5,2,2,4,4,2,206,0,0,0,0,0,0,11,1,6,4
20,3,48.0,17043,1,0,3,0,1,0,14,2,1,1,4,4,1979,1998,1,0,4,1,0.0,3,2,1,2,0,3,5,0,5,1362,1362,0,3,1,3,0,0,1586,0,0,2,0,3,0,3,5,1,4,1,2,2,4,4,2,192,0,0,0,0,0,0,1,3,6,4
60,3,67.0,11616,1,0,3,0,1,0,19,2,1,4,4,4,1978,1978,3,0,4,0,328.0,3,3,1,3,3,2,4,438,5,234,672,0,3,1,3,714,0,1386,0,0,2,1,3,0,3,5,1,4,1,0,2,4,4,2,335,0,0,0,0,0,0,4,4,6,0
50,3,64.0,13053,1,3,0,0,3,0,3,2,1,0,4,6,1923,2000,2,0,10,1,0.0,3,3,0,3,3,3,5,0,5,833,833,0,2,1,3,795,0,1848,0,0,1,1,4,0,2,5,1,2,5,2,2,4,4,0,0,0,0,0,220,0,0,6,2,6,4
20,3,65.0,8450,1,3,3,0,3,0,5,2,1,1,5,4,2004,2004,1,0,9,1,266.0,2,3,2,2,3,2,2,946,5,490,1436,0,0,1,3,0,0,1436,1,0,2,0,3,0,2,5,0,2,1,2,2,4,4,2,139,98,0,0,0,0,0,4,2,6,4
60,3,67.0,11050,1,3,3,0,3,0,5,4,1,4,7,4,2000,2000,3,0,9,1,204.0,2,3,2,0,3,2,2,904,5,536,1440,0,0,1,3,677,0,2153,1,0,2,1,3,0,0,5,2,0,1,0,3,4,4,2,253,142,0,0,0,0,0,5,3,6,4
60,3,57.0,21872,1,1,1,0,2,0,8,2,1,4,5,4,1996,1997,1,0,4,1,0.0,3,3,2,2,3,1,2,604,5,125,729,0,0,1,3,717,0,1446,0,1,2,1,3,0,3,5,1,4,1,2,2,4,4,2,264,22,0,0,0,0,0,8,2,6,4
160,3,24.0,2308,1,3,3,0,0,0,13,2,1,4,4,5,1976,1976,1,0,7,1,0.0,3,3,1,2,3,3,0,556,5,248,804,0,3,1,3,744,0,1548,1,0,2,1,3,0,2,5,1,4,5,2,2,4,4,2,48,0,0,0,0,0,0,7,1,6,4
60,3,67.0,9240,1,3,3,0,3,0,5,2,1,4,6,4,2001,2002,1,0,9,1,396.0,2,3,2,2,3,3,5,0,5,1055,1055,0,0,1,3,1208,0,2263,0,0,2,1,3,0,2,5,1,4,3,0,2,4,4,2,0,45,0,0,189,0,0,9,2,6,4
50,3,81.0,15593,1,3,3,0,0,0,4,2,1,0,5,3,1953,1953,1,0,2,1,0.0,2,3,1,3,3,3,1,603,5,701,1304,1,3,1,3,983,0,2287,0,0,2,0,3,0,3,5,1,4,1,0,2,4,4,2,0,21,114,0,0,0,0,7,0,6,4
30,3,51.0,5900,1,0,0,0,3,0,3,2,1,1,2,6,1923,1958,1,0,10,1,0.0,3,3,2,2,3,3,5,0,5,440,440,0,3,1,0,0,0,869,0,0,1,0,2,0,1,5,0,2,1,2,0,4,4,2,0,0,0,0,0,0,0,8,0,6,4
120,4,37.0,4435,1,3,3,0,3,0,5,2,1,1,4,4,2003,2003,1,0,9,1,170.0,2,3,2,2,3,0,2,686,5,162,848,0,0,1,3,0,0,848,1,0,1,0,1,0,2,5,0,2,1,0,2,4,4,2,140,0,0,0,0,0,0,3,2,6,4
20,3,75.0,14587,1,0,3,0,3,0,21,2,1,1,7,4,2008,2008,1,0,9,2,284.0,2,3,2,2,3,3,5,0,5,1498,1498,0,0,1,3,0,0,1506,0,0,2,0,2,0,0,5,1,2,1,0,2,4,4,2,0,174,0,0,0,0,0,8,2,4,5
20,3,122.0,11923,1,0,3,0,0,0,5,2,1,1,7,4,2007,2007,1,0,9,1,0.0,2,3,2,0,3,3,5,0,5,1800,1800,0,0,1,3,0,0,1800,0,0,2,0,2,0,0,5,0,2,1,0,2,4,4,2,288,136,0,0,0,0,0,5,3,6,4
120,2,34.0,4058,1,3,3,0,3,0,12,2,1,5,5,4,1998,1998,1,0,6,1,182.0,3,3,2,2,3,0,2,584,3,0,723,0,0,1,3,0,0,767,1,0,1,0,1,0,3,5,0,2,1,0,1,4,4,2,120,40,0,0,0,0,0,6,1,6,4
20,3,85.0,11049,1,3,3,0,0,0,5,2,1,1,6,4,2007,2007,1,0,9,1,0.0,2,3,2,0,3,0,5,0,5,1234,1234,0,0,1,3,0,0,1234,0,0,2,0,3,0,2,5,0,2,1,1,2,4,4,2,0,30,0,0,0,0,0,1,2,6,4
80,3,67.0,16157,1,0,3,0,2,0,24,1,1,6,3,6,1978,1978,1,0,7,1,0.0,3,3,2,2,3,1,0,680,4,289,1360,0,0,1,3,0,0,1432,1,0,1,1,2,0,2,5,1,4,1,2,2,4,4,2,168,180,0,0,0,0,0,6,1,6,4
60,3,67.0,14803,1,0,3,0,1,0,14,2,1,4,4,4,1971,1971,1,0,4,1,252.0,3,3,1,3,3,3,4,416,5,409,825,0,2,1,3,896,0,1993,0,0,2,1,4,0,3,5,1,2,1,1,2,4,4,2,0,66,0,0,0,0,0,6,0,6,4
60,3,46.0,20544,1,0,3,0,1,0,14,2,1,4,5,5,1986,1991,1,0,7,1,123.0,3,2,1,2,3,3,5,0,5,791,791,0,2,1,3,857,0,2093,0,0,2,1,3,0,3,5,1,4,1,0,2,4,4,2,364,63,0,0,0,0,0,11,2,6,4
